<metadata xml:lang="en"><Esri><CreaDate>20191013</CreaDate><CreaTime>14562300</CreaTime><ArcGISFormat>1.0</ArcGISFormat><SyncOnce>FALSE</SyncOnce><DataProperties><lineage><Process Name="Raster to Polygon" ToolSource="c:\program files\arcgis\pro\Resources\ArcToolbox\toolboxes\Conversion Tools.tbx\RasterToPolygon" Date="20191013" Time="145623">RasterToPolygon C:\Temp\Con_EucDist_Rec2.tif C:\Temp\RasterT_Con_Euc2.shp SIMPLIFY Value MULTIPLE_OUTER_PART #</Process><Process Name="Union" ToolSource="c:\program files\arcgis\pro\Resources\ArcToolbox\toolboxes\Analysis Tools.tbx\Union" Date="20191013" Time="145636">Union "C:\Temp\RasterT_Con_Euc2.shp #;nc_iredell_parcels_poly #;nc_iredell_parcels_poly #" Z:\Innovations\01-49-158_West_Iredell_Water_Corp\West_Iredell_Water_Corp.gdb\West_Iredell_selpar "All attributes" # GAPS</Process><Process Name="Add Fields (multiple)" ToolSource="c:\program files\arcgis\pro\Resources\ArcToolbox\toolboxes\Data Management Tools.tbx\AddFields" Date="20191013" Time="151355">AddFields West_Iredell_selpar "PWSID TEXT # 255 # #;SystemName TEXT # 255 # #;SourceType TEXT # 255 # #;AreaType TEXT # 255 # #;County TEXT # 255 # #"</Process><Process Name="Calculate Fields (multiple)" ToolSource="c:\program files\arcgis\pro\Resources\ArcToolbox\toolboxes\Data Management Tools.tbx\CalculateFields" Date="20191013" Time="151356">CalculateFields West_Iredell_selpar PYTHON3 "PWSID '"01-49-158"';SystemName '"West_Iredell_Water_Corp"';SourceType '"Water_Lines"';AreaType '"Water_Line_Adjacent_Parcels"';County '"Iredell"'" #</Process><Process ToolSource="c:\program files\arcgis\pro\Resources\ArcToolbox\toolboxes\Data Management Tools.tbx\Rename" Date="20191013" Time="151512">Rename Z:\Innovations\01-49-158_West_Iredell_Water_Corp\West_Iredell_Water_Corp.gdb\West_Iredell_selpar Z:\Innovations\01-49-158_West_Iredell_Water_Corp\West_Iredell_Water_Corp.gdb\West_Iredell_selpar_v2 FeatureClass</Process><Process ToolSource="c:\program files\arcgis\pro\Resources\ArcToolbox\toolboxes\Conversion Tools.tbx\FeatureClassToFeatureClass" Date="20191013" Time="151600">FeatureClassToFeatureClass West_Iredell_selpar_v2 Z:\Innovations\01-49-158_West_Iredell_Water_Corp 01-49-158_West_Iredell_Water_Corp_Water_Service_Area.shp # "FID_Raster "FID_RasterT_Con_Euc2" true true false 4 Long 0 0,First,#,West_Iredell_selpar_v2,FID_RasterT_Con_Euc2,-1,-1;Id "Id" true true false 4 Long 0 0,First,#,West_Iredell_selpar_v2,Id,-1,-1;gridcode "gridcode" true true false 4 Long 0 0,First,#,West_Iredell_selpar_v2,gridcode,-1,-1;FID_nc_ire "FID_nc_iredell_parcels_poly" true true false 4 Long 0 0,First,#,West_Iredell_selpar_v2,FID_nc_iredell_parcels_poly,-1,-1;ALTPARNO "ALTPARNO" true true false 25 Text 0 0,First,#,West_Iredell_selpar_v2,ALTPARNO,0,25;CNTYFIPS "CNTYFIPS" true true false 3 Text 0 0,First,#,West_Iredell_selpar_v2,CNTYFIPS,0,3;CNTYNAME "CNTYNAME" true true false 50 Text 0 0,First,#,West_Iredell_selpar_v2,CNTYNAME,0,50;GISACRES "GISACRES" true true false 8 Double 0 0,First,#,West_Iredell_selpar_v2,GISACRES,-1,-1;GNISID "GNISID" true true false 4 Long 0 0,First,#,West_Iredell_selpar_v2,GNISID,-1,-1;IMPROVVAL "IMPROVVAL" true true false 8 Double 0 0,First,#,West_Iredell_selpar_v2,IMPROVVAL,-1,-1;LANDVAL "LANDVAL" true true false 8 Double 0 0,First,#,West_Iredell_selpar_v2,LANDVAL,-1,-1;LEGDECFULL "LEGDECFULL" true true false 254 Text 0 0,First,#,West_Iredell_selpar_v2,LEGDECFULL,0,254;MADDPREF "MADDPREF" true true false 5 Text 0 0,First,#,West_Iredell_selpar_v2,MADDPREF,0,5;MADDRNO "MADDRNO" true true false 10 Text 0 0,First,#,West_Iredell_selpar_v2,MADDRNO,0,10;MADDSTNAME "MADDSTNAME" true true false 100 Text 0 0,First,#,West_Iredell_selpar_v2,MADDSTNAME,0,100;MADDSTR "MADDSTR" true true false 50 Text 0 0,First,#,West_Iredell_selpar_v2,MADDSTR,0,50;MADDSTSUF "MADDSTSUF" true true false 10 Text 0 0,First,#,West_Iredell_selpar_v2,MADDSTSUF,0,10;MADDSTTYP "MADDSTTYP" true true false 10 Text 0 0,First,#,West_Iredell_selpar_v2,MADDSTTYP,0,10;MAILADD "MAILADD" true true false 200 Text 0 0,First,#,West_Iredell_selpar_v2,MAILADD,0,200;MAPREF "MAPREF" true true false 50 Text 0 0,First,#,West_Iredell_selpar_v2,MAPREF,0,50;MCITY "MCITY" true true false 100 Text 0 0,First,#,West_Iredell_selpar_v2,MCITY,0,100;MSTATE "MSTATE" true true false 2 Text 0 0,First,#,West_Iredell_selpar_v2,MSTATE,0,2;MULTISTRUC "MULTISTRUC" true true false 1 Text 0 0,First,#,West_Iredell_selpar_v2,MULTISTRUC,0,1;MUNIT "MUNIT" true true false 25 Text 0 0,First,#,West_Iredell_selpar_v2,MUNIT,0,25;MZIP "MZIP" true true false 15 Text 0 0,First,#,West_Iredell_selpar_v2,MZIP,0,15;NPARNO "NPARNO" true true false 100 Text 0 0,First,#,West_Iredell_selpar_v2,NPARNO,0,100;OWNFRST "OWNFRST" true true false 100 Text 0 0,First,#,West_Iredell_selpar_v2,OWNFRST,0,100;OWNLAST "OWNLAST" true true false 100 Text 0 0,First,#,West_Iredell_selpar_v2,OWNLAST,0,100;OWNNAME "OWNNAME" true true false 200 Text 0 0,First,#,West_Iredell_selpar_v2,OWNNAME,0,200;OWNNAME2 "OWNNAME2" true true false 200 Text 0 0,First,#,West_Iredell_selpar_v2,OWNNAME2,0,200;OWNTYPE "OWNTYPE" true true false 50 Text 0 0,First,#,West_Iredell_selpar_v2,OWNTYPE,0,50;PARNO "PARNO" true true false 100 Text 0 0,First,#,West_Iredell_selpar_v2,PARNO,0,100;PARUSECD2 "PARUSECD2" true true false 25 Text 0 0,First,#,West_Iredell_selpar_v2,PARUSECD2,0,25;PARUSECODE "PARUSECODE" true true false 50 Text 0 0,First,#,West_Iredell_selpar_v2,PARUSECODE,0,50;PARUSEDESC "PARUSEDESC" true true false 125 Text 0 0,First,#,West_Iredell_selpar_v2,PARUSEDESC,0,125;PARUSEDSC2 "PARUSEDSC2" true true false 125 Text 0 0,First,#,West_Iredell_selpar_v2,PARUSEDSC2,0,125;PARVAL "PARVAL" true true false 8 Double 0 0,First,#,West_Iredell_selpar_v2,PARVAL,-1,-1;PARVALTYPE "PARVALTYPE" true true false 50 Text 0 0,First,#,West_Iredell_selpar_v2,PARVALTYPE,0,50;PRESENTVAL "PRESENTVAL" true true false 1 Text 0 0,First,#,West_Iredell_selpar_v2,PRESENTVAL,0,1;RECAREANO "RECAREANO" true true false 4 Float 0 0,First,#,West_Iredell_selpar_v2,RECAREANO,-1,-1;RECAREATX "RECAREATX" true true false 25 Text 0 0,First,#,West_Iredell_selpar_v2,RECAREATX,0,25;REVDATETX "REVDATETX" true true false 25 Text 0 0,First,#,West_Iredell_selpar_v2,REVDATETX,0,25;REVISEDATE "REVISEDATE" true true false 8 Date 0 0,First,#,West_Iredell_selpar_v2,REVISEDATE,-1,-1;REVISEYEAR "REVISEYEAR" true true false 25 Text 0 0,First,#,West_Iredell_selpar_v2,REVISEYEAR,0,25;SADDNO "SADDNO" true true false 10 Text 0 0,First,#,West_Iredell_selpar_v2,SADDNO,0,10;SADDPREF "SADDPREF" true true false 5 Text 0 0,First,#,West_Iredell_selpar_v2,SADDPREF,0,5;SADDSTNAME "SADDSTNAME" true true false 100 Text 0 0,First,#,West_Iredell_selpar_v2,SADDSTNAME,0,100;SADDSTR "SADDSTR" true true false 50 Text 0 0,First,#,West_Iredell_selpar_v2,SADDSTR,0,50;SADDSTSUF "SADDSTSUF" true true false 10 Text 0 0,First,#,West_Iredell_selpar_v2,SADDSTSUF,0,10;SADDSTTYP "SADDSTTYP" true true false 10 Text 0 0,First,#,West_Iredell_selpar_v2,SADDSTTYP,0,10;SALEDATE "SALEDATE" true true false 8 Date 0 0,First,#,West_Iredell_selpar_v2,SALEDATE,-1,-1;SALEDATETX "SALEDATETX" true true false 25 Text 0 0,First,#,West_Iredell_selpar_v2,SALEDATETX,0,25;SCITY "SCITY" true true false 100 Text 0 0,First,#,West_Iredell_selpar_v2,SCITY,0,100;SITEADD "SITEADD" true true false 200 Text 0 0,First,#,West_Iredell_selpar_v2,SITEADD,0,200;SOURCEAGNT "SOURCEAGNT" true true false 100 Text 0 0,First,#,West_Iredell_selpar_v2,SOURCEAGNT,0,100;SOURCEDATE "SOURCEDATE" true true false 8 Date 0 0,First,#,West_Iredell_selpar_v2,SOURCEDATE,-1,-1;SOURCEDATX "SOURCEDATX" true true false 25 Text 0 0,First,#,West_Iredell_selpar_v2,SOURCEDATX,0,25;SOURCEREF "SOURCEREF" true true false 50 Text 0 0,First,#,West_Iredell_selpar_v2,SOURCEREF,0,50;SSTATE "SSTATE" true true false 25 Text 0 0,First,#,West_Iredell_selpar_v2,SSTATE,0,25;STCNTYFIPS "STCNTYFIPS" true true false 5 Text 0 0,First,#,West_Iredell_selpar_v2,STCNTYFIPS,0,5;STFIPS "STFIPS" true true false 2 Text 0 0,First,#,West_Iredell_selpar_v2,STFIPS,0,2;STNAME "STNAME" true true false 2 Text 0 0,First,#,West_Iredell_selpar_v2,STNAME,0,2;STRUCT "STRUCT" true true false 1 Text 0 0,First,#,West_Iredell_selpar_v2,STRUCT,0,1;STRUCTNO "STRUCTNO" true true false 4 Long 0 0,First,#,West_Iredell_selpar_v2,STRUCTNO,-1,-1;STRUCTYEAR "STRUCTYEAR" true true false 2 Short 0 0,First,#,West_Iredell_selpar_v2,STRUCTYEAR,-1,-1;SUBDIVISIO "SUBDIVISIO" true true false 50 Text 0 0,First,#,West_Iredell_selpar_v2,SUBDIVISIO,0,50;SUBOWNTYPE "SUBOWNTYPE" true true false 50 Text 0 0,First,#,West_Iredell_selpar_v2,SUBOWNTYPE,0,50;SUBSURFOWN "SUBSURFOWN" true true false 200 Text 0 0,First,#,West_Iredell_selpar_v2,SUBSURFOWN,0,200;SUNIT "SUNIT" true true false 25 Text 0 0,First,#,West_Iredell_selpar_v2,SUNIT,0,25;SZIP "SZIP" true true false 25 Text 0 0,First,#,West_Iredell_selpar_v2,SZIP,0,25;TRANSFDATE "TRANSFDATE" true true false 8 Date 0 0,First,#,West_Iredell_selpar_v2,TRANSFDATE,-1,-1;FID_nc_i_1 "FID_nc_iredell_parcels_poly_1" true true false 4 Long 0 0,First,#,West_Iredell_selpar_v2,FID_nc_iredell_parcels_poly_1,-1,-1;ALTPARNO_1 "ALTPARNO" true true false 25 Text 0 0,First,#,West_Iredell_selpar_v2,ALTPARNO_1,0,25;CNTYFIPS_1 "CNTYFIPS" true true false 3 Text 0 0,First,#,West_Iredell_selpar_v2,CNTYFIPS_1,0,3;CNTYNAME_1 "CNTYNAME" true true false 50 Text 0 0,First,#,West_Iredell_selpar_v2,CNTYNAME_1,0,50;GISACRES_1 "GISACRES" true true false 8 Double 0 0,First,#,West_Iredell_selpar_v2,GISACRES_1,-1,-1;GNISID_1 "GNISID" true true false 4 Long 0 0,First,#,West_Iredell_selpar_v2,GNISID_1,-1,-1;IMPROVVAL_ "IMPROVVAL" true true false 8 Double 0 0,First,#,West_Iredell_selpar_v2,IMPROVVAL_1,-1,-1;LANDVAL_1 "LANDVAL" true true false 8 Double 0 0,First,#,West_Iredell_selpar_v2,LANDVAL_1,-1,-1;LEGDECFU_1 "LEGDECFULL" true true false 254 Text 0 0,First,#,West_Iredell_selpar_v2,LEGDECFULL_1,0,254;MADDPREF_1 "MADDPREF" true true false 5 Text 0 0,First,#,West_Iredell_selpar_v2,MADDPREF_1,0,5;MADDRNO_1 "MADDRNO" true true false 10 Text 0 0,First,#,West_Iredell_selpar_v2,MADDRNO_1,0,10;MADDSTNA_1 "MADDSTNAME" true true false 100 Text 0 0,First,#,West_Iredell_selpar_v2,MADDSTNAME_1,0,100;MADDSTR_1 "MADDSTR" true true false 50 Text 0 0,First,#,West_Iredell_selpar_v2,MADDSTR_1,0,50;MADDSTSUF_ "MADDSTSUF" true true false 10 Text 0 0,First,#,West_Iredell_selpar_v2,MADDSTSUF_1,0,10;MADDSTTYP_ "MADDSTTYP" true true false 10 Text 0 0,First,#,West_Iredell_selpar_v2,MADDSTTYP_1,0,10;MAILADD_1 "MAILADD" true true false 200 Text 0 0,First,#,West_Iredell_selpar_v2,MAILADD_1,0,200;MAPREF_1 "MAPREF" true true false 50 Text 0 0,First,#,West_Iredell_selpar_v2,MAPREF_1,0,50;MCITY_1 "MCITY" true true false 100 Text 0 0,First,#,West_Iredell_selpar_v2,MCITY_1,0,100;MSTATE_1 "MSTATE" true true false 2 Text 0 0,First,#,West_Iredell_selpar_v2,MSTATE_1,0,2;MULTISTR_1 "MULTISTRUC" true true false 1 Text 0 0,First,#,West_Iredell_selpar_v2,MULTISTRUC_1,0,1;MUNIT_1 "MUNIT" true true false 25 Text 0 0,First,#,West_Iredell_selpar_v2,MUNIT_1,0,25;MZIP_1 "MZIP" true true false 15 Text 0 0,First,#,West_Iredell_selpar_v2,MZIP_1,0,15;NPARNO_1 "NPARNO" true true false 100 Text 0 0,First,#,West_Iredell_selpar_v2,NPARNO_1,0,100;OWNFRST_1 "OWNFRST" true true false 100 Text 0 0,First,#,West_Iredell_selpar_v2,OWNFRST_1,0,100;OWNLAST_1 "OWNLAST" true true false 100 Text 0 0,First,#,West_Iredell_selpar_v2,OWNLAST_1,0,100;OWNNAME_1 "OWNNAME" true true false 200 Text 0 0,First,#,West_Iredell_selpar_v2,OWNNAME_1,0,200;OWNNAME2_1 "OWNNAME2" true true false 200 Text 0 0,First,#,West_Iredell_selpar_v2,OWNNAME2_1,0,200;OWNTYPE_1 "OWNTYPE" true true false 50 Text 0 0,First,#,West_Iredell_selpar_v2,OWNTYPE_1,0,50;PARNO_1 "PARNO" true true false 100 Text 0 0,First,#,West_Iredell_selpar_v2,PARNO_1,0,100;PARUSECD2_ "PARUSECD2" true true false 25 Text 0 0,First,#,West_Iredell_selpar_v2,PARUSECD2_1,0,25;PARUSECO_1 "PARUSECODE" true true false 50 Text 0 0,First,#,West_Iredell_selpar_v2,PARUSECODE_1,0,50;PARUSEDE_1 "PARUSEDESC" true true false 125 Text 0 0,First,#,West_Iredell_selpar_v2,PARUSEDESC_1,0,125;PARUSEDS_1 "PARUSEDSC2" true true false 125 Text 0 0,First,#,West_Iredell_selpar_v2,PARUSEDSC2_1,0,125;PARVAL_1 "PARVAL" true true false 8 Double 0 0,First,#,West_Iredell_selpar_v2,PARVAL_1,-1,-1;PARVALTY_1 "PARVALTYPE" true true false 50 Text 0 0,First,#,West_Iredell_selpar_v2,PARVALTYPE_1,0,50;PRESENTV_1 "PRESENTVAL" true true false 1 Text 0 0,First,#,West_Iredell_selpar_v2,PRESENTVAL_1,0,1;RECAREANO_ "RECAREANO" true true false 4 Float 0 0,First,#,West_Iredell_selpar_v2,RECAREANO_1,-1,-1;RECAREATX_ "RECAREATX" true true false 25 Text 0 0,First,#,West_Iredell_selpar_v2,RECAREATX_1,0,25;REVDATETX_ "REVDATETX" true true false 25 Text 0 0,First,#,West_Iredell_selpar_v2,REVDATETX_1,0,25;REVISEDA_1 "REVISEDATE" true true false 8 Date 0 0,First,#,West_Iredell_selpar_v2,REVISEDATE_1,-1,-1;REVISEYE_1 "REVISEYEAR" true true false 25 Text 0 0,First,#,West_Iredell_selpar_v2,REVISEYEAR_1,0,25;SADDNO_1 "SADDNO" true true false 10 Text 0 0,First,#,West_Iredell_selpar_v2,SADDNO_1,0,10;SADDPREF_1 "SADDPREF" true true false 5 Text 0 0,First,#,West_Iredell_selpar_v2,SADDPREF_1,0,5;SADDSTNA_1 "SADDSTNAME" true true false 100 Text 0 0,First,#,West_Iredell_selpar_v2,SADDSTNAME_1,0,100;SADDSTR_1 "SADDSTR" true true false 50 Text 0 0,First,#,West_Iredell_selpar_v2,SADDSTR_1,0,50;SADDSTSUF_ "SADDSTSUF" true true false 10 Text 0 0,First,#,West_Iredell_selpar_v2,SADDSTSUF_1,0,10;SADDSTTYP_ "SADDSTTYP" true true false 10 Text 0 0,First,#,West_Iredell_selpar_v2,SADDSTTYP_1,0,10;SALEDATE_1 "SALEDATE" true true false 8 Date 0 0,First,#,West_Iredell_selpar_v2,SALEDATE_1,-1,-1;SALEDATE_2 "SALEDATETX" true true false 25 Text 0 0,First,#,West_Iredell_selpar_v2,SALEDATETX_1,0,25;SCITY_1 "SCITY" true true false 100 Text 0 0,First,#,West_Iredell_selpar_v2,SCITY_1,0,100;SITEADD_1 "SITEADD" true true false 200 Text 0 0,First,#,West_Iredell_selpar_v2,SITEADD_1,0,200;SOURCEAG_1 "SOURCEAGNT" true true false 100 Text 0 0,First,#,West_Iredell_selpar_v2,SOURCEAGNT_1,0,100;SOURCEDA_1 "SOURCEDATE" true true false 8 Date 0 0,First,#,West_Iredell_selpar_v2,SOURCEDATE_1,-1,-1;SOURCEDA_2 "SOURCEDATX" true true false 25 Text 0 0,First,#,West_Iredell_selpar_v2,SOURCEDATX_1,0,25;SOURCEREF_ "SOURCEREF" true true false 50 Text 0 0,First,#,West_Iredell_selpar_v2,SOURCEREF_1,0,50;SSTATE_1 "SSTATE" true true false 25 Text 0 0,First,#,West_Iredell_selpar_v2,SSTATE_1,0,25;STCNTYFI_1 "STCNTYFIPS" true true false 5 Text 0 0,First,#,West_Iredell_selpar_v2,STCNTYFIPS_1,0,5;STFIPS_1 "STFIPS" true true false 2 Text 0 0,First,#,West_Iredell_selpar_v2,STFIPS_1,0,2;STNAME_1 "STNAME" true true false 2 Text 0 0,First,#,West_Iredell_selpar_v2,STNAME_1,0,2;STRUCT_1 "STRUCT" true true false 1 Text 0 0,First,#,West_Iredell_selpar_v2,STRUCT_1,0,1;STRUCTNO_1 "STRUCTNO" true true false 4 Long 0 0,First,#,West_Iredell_selpar_v2,STRUCTNO_1,-1,-1;STRUCTYE_1 "STRUCTYEAR" true true false 2 Short 0 0,First,#,West_Iredell_selpar_v2,STRUCTYEAR_1,-1,-1;SUBDIVIS_1 "SUBDIVISIO" true true false 50 Text 0 0,First,#,West_Iredell_selpar_v2,SUBDIVISIO_1,0,50;SUBOWNTY_1 "SUBOWNTYPE" true true false 50 Text 0 0,First,#,West_Iredell_selpar_v2,SUBOWNTYPE_1,0,50;SUBSURFO_1 "SUBSURFOWN" true true false 200 Text 0 0,First,#,West_Iredell_selpar_v2,SUBSURFOWN_1,0,200;SUNIT_1 "SUNIT" true true false 25 Text 0 0,First,#,West_Iredell_selpar_v2,SUNIT_1,0,25;SZIP_1 "SZIP" true true false 25 Text 0 0,First,#,West_Iredell_selpar_v2,SZIP_1,0,25;TRANSFDA_1 "TRANSFDATE" true true false 8 Date 0 0,First,#,West_Iredell_selpar_v2,TRANSFDATE_1,-1,-1;Shape_Leng "Shape_Length" false true true 8 Double 0 0,First,#,West_Iredell_selpar_v2,Shape_Length,-1,-1;Shape_Area "Shape_Area" false true true 8 Double 0 0,First,#,West_Iredell_selpar_v2,Shape_Area,-1,-1;PWSID "PWSID" true true false 255 Text 0 0,First,#,West_Iredell_selpar_v2,PWSID,0,255;SystemName "SystemName" true true false 255 Text 0 0,First,#,West_Iredell_selpar_v2,SystemName,0,255;SourceType "SourceType" true true false 255 Text 0 0,First,#,West_Iredell_selpar_v2,SourceType,0,255;AreaType "AreaType" true true false 255 Text 0 0,First,#,West_Iredell_selpar_v2,AreaType,0,255;County "County" true true false 255 Text 0 0,First,#,West_Iredell_selpar_v2,County,0,255" #</Process><Process ToolSource="c:\program files\arcgis\pro\Resources\ArcToolbox\toolboxes\Data Management Tools.tbx\UpdateSchema" Date="20191202" Time="170507">UpdateSchema "CIMDATA=&lt;CIMStandardDataConnection xsi:type='typens:CIMStandardDataConnection' xmlns:xsi='http://www.w3.org/2001/XMLSchema-instance' xmlns:xs='http://www.w3.org/2001/XMLSchema' xmlns:typens='http://www.esri.com/schemas/ArcGIS/2.4.0'&gt;&lt;WorkspaceConnectionString&gt;DATABASE=Z:\Innovation Infrastructure\QAQC\WestIredell&lt;/WorkspaceConnectionString&gt;&lt;WorkspaceFactory&gt;Shapefile&lt;/WorkspaceFactory&gt;&lt;Dataset&gt;01-49-158_West_Iredell_Water_Corp_Water_Service_Area.shp&lt;/Dataset&gt;&lt;DatasetType&gt;esriDTFeatureClass&lt;/DatasetType&gt;&lt;/CIMStandardDataConnection&gt;" &lt;operationSequence&gt;&lt;workflow&gt;&lt;DeleteField&gt;&lt;field_name&gt;FID_Raster&lt;/field_name&gt;&lt;field_name&gt;Id&lt;/field_name&gt;&lt;field_name&gt;gridcode&lt;/field_name&gt;&lt;field_name&gt;FID_nc_ire&lt;/field_name&gt;&lt;field_name&gt;ALTPARNO&lt;/field_name&gt;&lt;field_name&gt;CNTYFIPS&lt;/field_name&gt;&lt;field_name&gt;CNTYNAME&lt;/field_name&gt;&lt;field_name&gt;GISACRES&lt;/field_name&gt;&lt;field_name&gt;GNISID&lt;/field_name&gt;&lt;field_name&gt;IMPROVVAL&lt;/field_name&gt;&lt;field_name&gt;LANDVAL&lt;/field_name&gt;&lt;field_name&gt;LEGDECFULL&lt;/field_name&gt;&lt;field_name&gt;MADDPREF&lt;/field_name&gt;&lt;field_name&gt;MADDRNO&lt;/field_name&gt;&lt;field_name&gt;MADDSTNAME&lt;/field_name&gt;&lt;field_name&gt;MADDSTR&lt;/field_name&gt;&lt;field_name&gt;MADDSTSUF&lt;/field_name&gt;&lt;field_name&gt;MADDSTTYP&lt;/field_name&gt;&lt;field_name&gt;MAILADD&lt;/field_name&gt;&lt;field_name&gt;MAPREF&lt;/field_name&gt;&lt;field_name&gt;MCITY&lt;/field_name&gt;&lt;field_name&gt;MSTATE&lt;/field_name&gt;&lt;field_name&gt;MULTISTRUC&lt;/field_name&gt;&lt;field_name&gt;MUNIT&lt;/field_name&gt;&lt;field_name&gt;MZIP&lt;/field_name&gt;&lt;field_name&gt;NPARNO&lt;/field_name&gt;&lt;field_name&gt;OWNFRST&lt;/field_name&gt;&lt;field_name&gt;OWNLAST&lt;/field_name&gt;&lt;field_name&gt;OWNNAME&lt;/field_name&gt;&lt;field_name&gt;OWNNAME2&lt;/field_name&gt;&lt;field_name&gt;OWNTYPE&lt;/field_name&gt;&lt;field_name&gt;PARNO&lt;/field_name&gt;&lt;field_name&gt;PARUSECD2&lt;/field_name&gt;&lt;field_name&gt;PARUSECODE&lt;/field_name&gt;&lt;field_name&gt;PARUSEDESC&lt;/field_name&gt;&lt;field_name&gt;PARUSEDSC2&lt;/field_name&gt;&lt;field_name&gt;PARVAL&lt;/field_name&gt;&lt;field_name&gt;PARVALTYPE&lt;/field_name&gt;&lt;field_name&gt;PRESENTVAL&lt;/field_name&gt;&lt;field_name&gt;RECAREANO&lt;/field_name&gt;&lt;field_name&gt;RECAREATX&lt;/field_name&gt;&lt;field_name&gt;REVDATETX&lt;/field_name&gt;&lt;field_name&gt;REVISEDATE&lt;/field_name&gt;&lt;field_name&gt;REVISEYEAR&lt;/field_name&gt;&lt;field_name&gt;SADDNO&lt;/field_name&gt;&lt;field_name&gt;SADDPREF&lt;/field_name&gt;&lt;field_name&gt;SADDSTNAME&lt;/field_name&gt;&lt;field_name&gt;SADDSTR&lt;/field_name&gt;&lt;field_name&gt;SADDSTSUF&lt;/field_name&gt;&lt;field_name&gt;SADDSTTYP&lt;/field_name&gt;&lt;field_name&gt;SALEDATE&lt;/field_name&gt;&lt;field_name&gt;SALEDATETX&lt;/field_name&gt;&lt;field_name&gt;SCITY&lt;/field_name&gt;&lt;field_name&gt;SITEADD&lt;/field_name&gt;&lt;field_name&gt;SOURCEAGNT&lt;/field_name&gt;&lt;field_name&gt;SOURCEDATE&lt;/field_name&gt;&lt;field_name&gt;SOURCEDATX&lt;/field_name&gt;&lt;field_name&gt;SOURCEREF&lt;/field_name&gt;&lt;field_name&gt;SSTATE&lt;/field_name&gt;&lt;field_name&gt;STCNTYFIPS&lt;/field_name&gt;&lt;field_name&gt;STFIPS&lt;/field_name&gt;&lt;field_name&gt;STNAME&lt;/field_name&gt;&lt;field_name&gt;STRUCT&lt;/field_name&gt;&lt;field_name&gt;STRUCTNO&lt;/field_name&gt;&lt;field_name&gt;STRUCTYEAR&lt;/field_name&gt;&lt;field_name&gt;SUBDIVISIO&lt;/field_name&gt;&lt;field_name&gt;SUBOWNTYPE&lt;/field_name&gt;&lt;field_name&gt;SUBSURFOWN&lt;/field_name&gt;&lt;field_name&gt;SUNIT&lt;/field_name&gt;&lt;field_name&gt;SZIP&lt;/field_name&gt;&lt;field_name&gt;TRANSFDATE&lt;/field_name&gt;&lt;field_name&gt;FID_nc_i_1&lt;/field_name&gt;&lt;field_name&gt;ALTPARNO_1&lt;/field_name&gt;&lt;field_name&gt;CNTYFIPS_1&lt;/field_name&gt;&lt;field_name&gt;CNTYNAME_1&lt;/field_name&gt;&lt;field_name&gt;GISACRES_1&lt;/field_name&gt;&lt;field_name&gt;GNISID_1&lt;/field_name&gt;&lt;field_name&gt;IMPROVVAL_&lt;/field_name&gt;&lt;field_name&gt;LANDVAL_1&lt;/field_name&gt;&lt;field_name&gt;LEGDECFU_1&lt;/field_name&gt;&lt;field_name&gt;MADDPREF_1&lt;/field_name&gt;&lt;field_name&gt;MADDRNO_1&lt;/field_name&gt;&lt;field_name&gt;MADDSTNA_1&lt;/field_name&gt;&lt;field_name&gt;MADDSTR_1&lt;/field_name&gt;&lt;field_name&gt;MADDSTSUF_&lt;/field_name&gt;&lt;field_name&gt;MADDSTTYP_&lt;/field_name&gt;&lt;field_name&gt;MAILADD_1&lt;/field_name&gt;&lt;field_name&gt;MAPREF_1&lt;/field_name&gt;&lt;field_name&gt;MCITY_1&lt;/field_name&gt;&lt;field_name&gt;MSTATE_1&lt;/field_name&gt;&lt;field_name&gt;MULTISTR_1&lt;/field_name&gt;&lt;field_name&gt;MUNIT_1&lt;/field_name&gt;&lt;field_name&gt;MZIP_1&lt;/field_name&gt;&lt;field_name&gt;NPARNO_1&lt;/field_name&gt;&lt;field_name&gt;OWNFRST_1&lt;/field_name&gt;&lt;field_name&gt;OWNLAST_1&lt;/field_name&gt;&lt;field_name&gt;OWNNAME_1&lt;/field_name&gt;&lt;field_name&gt;OWNNAME2_1&lt;/field_name&gt;&lt;field_name&gt;OWNTYPE_1&lt;/field_name&gt;&lt;field_name&gt;PARNO_1&lt;/field_name&gt;&lt;field_name&gt;PARUSECD2_&lt;/field_name&gt;&lt;field_name&gt;PARUSECO_1&lt;/field_name&gt;&lt;field_name&gt;PARUSEDE_1&lt;/field_name&gt;&lt;field_name&gt;PARUSEDS_1&lt;/field_name&gt;&lt;field_name&gt;PARVAL_1&lt;/field_name&gt;&lt;field_name&gt;PARVALTY_1&lt;/field_name&gt;&lt;field_name&gt;PRESENTV_1&lt;/field_name&gt;&lt;field_name&gt;RECAREANO_&lt;/field_name&gt;&lt;field_name&gt;RECAREATX_&lt;/field_name&gt;&lt;field_name&gt;REVDATETX_&lt;/field_name&gt;&lt;field_name&gt;REVISEDA_1&lt;/field_name&gt;&lt;field_name&gt;REVISEYE_1&lt;/field_name&gt;&lt;field_name&gt;SADDNO_1&lt;/field_name&gt;&lt;field_name&gt;SADDPREF_1&lt;/field_name&gt;&lt;field_name&gt;SADDSTNA_1&lt;/field_name&gt;&lt;field_name&gt;SADDSTR_1&lt;/field_name&gt;&lt;field_name&gt;SADDSTSUF_&lt;/field_name&gt;&lt;field_name&gt;SADDSTTYP_&lt;/field_name&gt;&lt;field_name&gt;SALEDATE_1&lt;/field_name&gt;&lt;field_name&gt;SALEDATE_2&lt;/field_name&gt;&lt;field_name&gt;SCITY_1&lt;/field_name&gt;&lt;field_name&gt;SITEADD_1&lt;/field_name&gt;&lt;field_name&gt;SOURCEAG_1&lt;/field_name&gt;&lt;field_name&gt;SOURCEDA_1&lt;/field_name&gt;&lt;field_name&gt;SOURCEDA_2&lt;/field_name&gt;&lt;field_name&gt;SOURCEREF_&lt;/field_name&gt;&lt;field_name&gt;SSTATE_1&lt;/field_name&gt;&lt;field_name&gt;STCNTYFI_1&lt;/field_name&gt;&lt;field_name&gt;STFIPS_1&lt;/field_name&gt;&lt;field_name&gt;STNAME_1&lt;/field_name&gt;&lt;field_name&gt;STRUCT_1&lt;/field_name&gt;&lt;field_name&gt;STRUCTNO_1&lt;/field_name&gt;&lt;field_name&gt;STRUCTYE_1&lt;/field_name&gt;&lt;field_name&gt;SUBDIVIS_1&lt;/field_name&gt;&lt;field_name&gt;SUBOWNTY_1&lt;/field_name&gt;&lt;field_name&gt;SUBSURFO_1&lt;/field_name&gt;&lt;field_name&gt;SUNIT_1&lt;/field_name&gt;&lt;field_name&gt;SZIP_1&lt;/field_name&gt;&lt;field_name&gt;TRANSFDA_1&lt;/field_name&gt;&lt;field_name&gt;Shape_Leng&lt;/field_name&gt;&lt;field_name&gt;Shape_Area&lt;/field_name&gt;&lt;/DeleteField&gt;&lt;/workflow&gt;&lt;/operationSequence&gt;</Process></lineage><itemProps><itemName Sync="TRUE">01-49-158_West_Iredell_Water_Corp_Water_Service_Area</itemName><imsContentType Sync="TRUE">002</imsContentType><itemLocation><linkage Sync="TRUE">file://\\homedir.oit.duke.edu\users\s\sl595\Innovations\01-49-158_West_Iredell_Water_Corp\01-49-158_West_Iredell_Water_Corp_Water_Service_Area.shp</linkage><protocol Sync="TRUE">Local Area Network</protocol></itemLocation><itemSize Sync="TRUE">0.000</itemSize></itemProps><coordRef><type Sync="TRUE">Projected</type><geogcsn Sync="TRUE">GCS_North_American_1983</geogcsn><csUnits Sync="TRUE">Linear Unit: Foot_US (0.304801)</csUnits><projcsn Sync="TRUE">NAD_1983_StatePlane_North_Carolina_FIPS_3200_Feet</projcsn><peXml Sync="TRUE">&lt;ProjectedCoordinateSystem xsi:type='typens:ProjectedCoordinateSystem' xmlns:xsi='http://www.w3.org/2001/XMLSchema-instance' xmlns:xs='http://www.w3.org/2001/XMLSchema' xmlns:typens='http://www.esri.com/schemas/ArcGIS/2.4.0'&gt;&lt;WKT&gt;PROJCS[&amp;quot;NAD_1983_StatePlane_North_Carolina_FIPS_3200_Feet&amp;quot;,GEOGCS[&amp;quot;GCS_North_American_1983&amp;quot;,DATUM[&amp;quot;D_North_American_1983&amp;quot;,SPHEROID[&amp;quot;GRS_1980&amp;quot;,6378137.0,298.257222101]],PRIMEM[&amp;quot;Greenwich&amp;quot;,0.0],UNIT[&amp;quot;Degree&amp;quot;,0.0174532925199433]],PROJECTION[&amp;quot;Lambert_Conformal_Conic&amp;quot;],PARAMETER[&amp;quot;False_Easting&amp;quot;,2000000.002616666],PARAMETER[&amp;quot;False_Northing&amp;quot;,0.0],PARAMETER[&amp;quot;Central_Meridian&amp;quot;,-79.0],PARAMETER[&amp;quot;Standard_Parallel_1&amp;quot;,34.33333333333334],PARAMETER[&amp;quot;Standard_Parallel_2&amp;quot;,36.16666666666666],PARAMETER[&amp;quot;Latitude_Of_Origin&amp;quot;,33.75],UNIT[&amp;quot;Foot_US&amp;quot;,0.3048006096012192],AUTHORITY[&amp;quot;EPSG&amp;quot;,2264]]&lt;/WKT&gt;&lt;XOrigin&gt;-121841900&lt;/XOrigin&gt;&lt;YOrigin&gt;-93659000&lt;/YOrigin&gt;&lt;XYScale&gt;36365718.124241434&lt;/XYScale&gt;&lt;ZOrigin&gt;-100000&lt;/ZOrigin&gt;&lt;ZScale&gt;10000&lt;/ZScale&gt;&lt;MOrigin&gt;-100000&lt;/MOrigin&gt;&lt;MScale&gt;10000&lt;/MScale&gt;&lt;XYTolerance&gt;0.0032808333333333331&lt;/XYTolerance&gt;&lt;ZTolerance&gt;0.001&lt;/ZTolerance&gt;&lt;MTolerance&gt;0.001&lt;/MTolerance&gt;&lt;HighPrecision&gt;true&lt;/HighPrecision&gt;&lt;WKID&gt;102719&lt;/WKID&gt;&lt;LatestWKID&gt;2264&lt;/LatestWKID&gt;&lt;/ProjectedCoordinateSystem&gt;</peXml></coordRef></DataProperties><SyncDate>20191013</SyncDate><SyncTime>15160000</SyncTime><ModDate>20191013</ModDate><ModTime>15160000</ModTime></Esri><dataIdInfo><envirDesc Sync="TRUE">Microsoft Windows 10 Version 10.0 (Build 17763) ; Esri ArcGIS 12.4.0.19948</envirDesc><dataLang><languageCode value="eng" Sync="TRUE"></languageCode><countryCode value="USA" Sync="TRUE"></countryCode></dataLang><idCitation><resTitle Sync="TRUE">01-49-158_West_Iredell_Water_Corp_Water_Service_Area</resTitle><presForm><PresFormCd value="005" Sync="TRUE"></PresFormCd></presForm></idCitation><spatRpType><SpatRepTypCd value="001" Sync="TRUE"></SpatRepTypCd></spatRpType></dataIdInfo><mdLang><languageCode value="eng" Sync="TRUE"></languageCode><countryCode value="USA" Sync="TRUE"></countryCode></mdLang><distInfo><distFormat><formatName Sync="TRUE">Shapefile</formatName></distFormat><distTranOps><transSize Sync="TRUE">0.000</transSize></distTranOps></distInfo><mdHrLv><ScopeCd value="005" Sync="TRUE"></ScopeCd></mdHrLv><mdHrLvName Sync="TRUE">dataset</mdHrLvName><refSysInfo><RefSystem><refSysID><identCode code="2264" Sync="TRUE"></identCode><idCodeSpace Sync="TRUE">EPSG</idCodeSpace><idVersion Sync="TRUE">6.12(9.0.0)</idVersion></refSysID></RefSystem></refSysInfo><spatRepInfo><VectSpatRep><geometObjs Name="01-49-158_West_Iredell_Water_Corp_Water_Service_Area"><geoObjTyp><GeoObjTypCd value="002" Sync="TRUE"></GeoObjTypCd></geoObjTyp><geoObjCnt Sync="TRUE">0</geoObjCnt></geometObjs><topLvl><TopoLevCd value="001" Sync="TRUE"></TopoLevCd></topLvl></VectSpatRep></spatRepInfo><spdoinfo><ptvctinf><esriterm Name="01-49-158_West_Iredell_Water_Corp_Water_Service_Area"><efeatyp Sync="TRUE">Simple</efeatyp><efeageom code="4" Sync="TRUE"></efeageom><esritopo Sync="TRUE">FALSE</esritopo><efeacnt Sync="TRUE">0</efeacnt><spindex Sync="TRUE">FALSE</spindex><linrefer Sync="TRUE">FALSE</linrefer></esriterm></ptvctinf></spdoinfo><eainfo><detailed Name="01-49-158_West_Iredell_Water_Corp_Water_Service_Area"><enttyp><enttypl Sync="TRUE">01-49-158_West_Iredell_Water_Corp_Water_Service_Area</enttypl><enttypt Sync="TRUE">Feature Class</enttypt><enttypc Sync="TRUE">0</enttypc></enttyp><attr><attrlabl Sync="TRUE">FID</attrlabl><attalias Sync="TRUE">FID</attalias><attrtype Sync="TRUE">OID</attrtype><attwidth Sync="TRUE">4</attwidth><atprecis Sync="TRUE">0</atprecis><attscale Sync="TRUE">0</attscale><attrdef Sync="TRUE">Internal feature number.</attrdef><attrdefs Sync="TRUE">Esri</attrdefs><attrdomv><udom Sync="TRUE">Sequential unique whole numbers that are automatically generated.</udom></attrdomv></attr><attr><attrlabl Sync="TRUE">Shape</attrlabl><attalias Sync="TRUE">Shape</attalias><attrtype Sync="TRUE">Geometry</attrtype><attwidth Sync="TRUE">0</attwidth><atprecis Sync="TRUE">0</atprecis><attscale Sync="TRUE">0</attscale><attrdef Sync="TRUE">Feature geometry.</attrdef><attrdefs Sync="TRUE">Esri</attrdefs><attrdomv><udom Sync="TRUE">Coordinates defining the features.</udom></attrdomv></attr><attr><attrlabl Sync="TRUE">FID_Raster</attrlabl><attalias Sync="TRUE">FID_Raster</attalias><attrtype Sync="TRUE">Integer</attrtype><attwidth Sync="TRUE">10</attwidth><atprecis Sync="TRUE">10</atprecis><attscale Sync="TRUE">0</attscale></attr><attr><attrlabl Sync="TRUE">Id</attrlabl><attalias Sync="TRUE">Id</attalias><attrtype Sync="TRUE">Integer</attrtype><attwidth Sync="TRUE">10</attwidth><atprecis Sync="TRUE">10</atprecis><attscale Sync="TRUE">0</attscale></attr><attr><attrlabl Sync="TRUE">gridcode</attrlabl><attalias Sync="TRUE">gridcode</attalias><attrtype Sync="TRUE">Integer</attrtype><attwidth Sync="TRUE">10</attwidth><atprecis Sync="TRUE">10</atprecis><attscale Sync="TRUE">0</attscale></attr><attr><attrlabl Sync="TRUE">FID_nc_ire</attrlabl><attalias Sync="TRUE">FID_nc_ire</attalias><attrtype Sync="TRUE">Integer</attrtype><attwidth Sync="TRUE">10</attwidth><atprecis Sync="TRUE">10</atprecis><attscale Sync="TRUE">0</attscale></attr><attr><attrlabl Sync="TRUE">ALTPARNO</attrlabl><attalias Sync="TRUE">ALTPARNO</attalias><attrtype Sync="TRUE">String</attrtype><attwidth Sync="TRUE">25</attwidth><atprecis Sync="TRUE">0</atprecis><attscale Sync="TRUE">0</attscale></attr><attr><attrlabl Sync="TRUE">CNTYFIPS</attrlabl><attalias Sync="TRUE">CNTYFIPS</attalias><attrtype Sync="TRUE">String</attrtype><attwidth Sync="TRUE">3</attwidth><atprecis Sync="TRUE">0</atprecis><attscale Sync="TRUE">0</attscale></attr><attr><attrlabl Sync="TRUE">CNTYNAME</attrlabl><attalias Sync="TRUE">CNTYNAME</attalias><attrtype Sync="TRUE">String</attrtype><attwidth Sync="TRUE">50</attwidth><atprecis Sync="TRUE">0</atprecis><attscale Sync="TRUE">0</attscale></attr><attr><attrlabl Sync="TRUE">GISACRES</attrlabl><attalias Sync="TRUE">GISACRES</attalias><attrtype Sync="TRUE">Double</attrtype><attwidth Sync="TRUE">19</attwidth><atprecis Sync="TRUE">0</atprecis><attscale Sync="TRUE">0</attscale></attr><attr><attrlabl Sync="TRUE">GNISID</attrlabl><attalias Sync="TRUE">GNISID</attalias><attrtype Sync="TRUE">Integer</attrtype><attwidth Sync="TRUE">10</attwidth><atprecis Sync="TRUE">10</atprecis><attscale Sync="TRUE">0</attscale></attr><attr><attrlabl Sync="TRUE">IMPROVVAL</attrlabl><attalias Sync="TRUE">IMPROVVAL</attalias><attrtype Sync="TRUE">Double</attrtype><attwidth Sync="TRUE">19</attwidth><atprecis Sync="TRUE">0</atprecis><attscale Sync="TRUE">0</attscale></attr><attr><attrlabl Sync="TRUE">LANDVAL</attrlabl><attalias Sync="TRUE">LANDVAL</attalias><attrtype Sync="TRUE">Double</attrtype><attwidth Sync="TRUE">19</attwidth><atprecis Sync="TRUE">0</atprecis><attscale Sync="TRUE">0</attscale></attr><attr><attrlabl Sync="TRUE">LEGDECFULL</attrlabl><attalias Sync="TRUE">LEGDECFULL</attalias><attrtype Sync="TRUE">String</attrtype><attwidth Sync="TRUE">254</attwidth><atprecis Sync="TRUE">0</atprecis><attscale Sync="TRUE">0</attscale></attr><attr><attrlabl Sync="TRUE">MADDPREF</attrlabl><attalias Sync="TRUE">MADDPREF</attalias><attrtype Sync="TRUE">String</attrtype><attwidth Sync="TRUE">5</attwidth><atprecis Sync="TRUE">0</atprecis><attscale Sync="TRUE">0</attscale></attr><attr><attrlabl Sync="TRUE">MADDRNO</attrlabl><attalias Sync="TRUE">MADDRNO</attalias><attrtype Sync="TRUE">String</attrtype><attwidth Sync="TRUE">10</attwidth><atprecis Sync="TRUE">0</atprecis><attscale Sync="TRUE">0</attscale></attr><attr><attrlabl Sync="TRUE">MADDSTNAME</attrlabl><attalias Sync="TRUE">MADDSTNAME</attalias><attrtype Sync="TRUE">String</attrtype><attwidth Sync="TRUE">100</attwidth><atprecis Sync="TRUE">0</atprecis><attscale Sync="TRUE">0</attscale></attr><attr><attrlabl Sync="TRUE">MADDSTR</attrlabl><attalias Sync="TRUE">MADDSTR</attalias><attrtype Sync="TRUE">String</attrtype><attwidth Sync="TRUE">50</attwidth><atprecis Sync="TRUE">0</atprecis><attscale Sync="TRUE">0</attscale></attr><attr><attrlabl Sync="TRUE">MADDSTSUF</attrlabl><attalias Sync="TRUE">MADDSTSUF</attalias><attrtype Sync="TRUE">String</attrtype><attwidth Sync="TRUE">10</attwidth><atprecis Sync="TRUE">0</atprecis><attscale Sync="TRUE">0</attscale></attr><attr><attrlabl Sync="TRUE">MADDSTTYP</attrlabl><attalias Sync="TRUE">MADDSTTYP</attalias><attrtype Sync="TRUE">String</attrtype><attwidth Sync="TRUE">10</attwidth><atprecis Sync="TRUE">0</atprecis><attscale Sync="TRUE">0</attscale></attr><attr><attrlabl Sync="TRUE">MAILADD</attrlabl><attalias Sync="TRUE">MAILADD</attalias><attrtype Sync="TRUE">String</attrtype><attwidth Sync="TRUE">200</attwidth><atprecis Sync="TRUE">0</atprecis><attscale Sync="TRUE">0</attscale></attr><attr><attrlabl Sync="TRUE">MAPREF</attrlabl><attalias Sync="TRUE">MAPREF</attalias><attrtype Sync="TRUE">String</attrtype><attwidth Sync="TRUE">50</attwidth><atprecis Sync="TRUE">0</atprecis><attscale Sync="TRUE">0</attscale></attr><attr><attrlabl Sync="TRUE">MCITY</attrlabl><attalias Sync="TRUE">MCITY</attalias><attrtype Sync="TRUE">String</attrtype><attwidth Sync="TRUE">100</attwidth><atprecis Sync="TRUE">0</atprecis><attscale Sync="TRUE">0</attscale></attr><attr><attrlabl Sync="TRUE">MSTATE</attrlabl><attalias Sync="TRUE">MSTATE</attalias><attrtype Sync="TRUE">String</attrtype><attwidth Sync="TRUE">2</attwidth><atprecis Sync="TRUE">0</atprecis><attscale Sync="TRUE">0</attscale></attr><attr><attrlabl Sync="TRUE">MULTISTRUC</attrlabl><attalias Sync="TRUE">MULTISTRUC</attalias><attrtype Sync="TRUE">String</attrtype><attwidth Sync="TRUE">1</attwidth><atprecis Sync="TRUE">0</atprecis><attscale Sync="TRUE">0</attscale></attr><attr><attrlabl Sync="TRUE">MUNIT</attrlabl><attalias Sync="TRUE">MUNIT</attalias><attrtype Sync="TRUE">String</attrtype><attwidth Sync="TRUE">25</attwidth><atprecis Sync="TRUE">0</atprecis><attscale Sync="TRUE">0</attscale></attr><attr><attrlabl Sync="TRUE">MZIP</attrlabl><attalias Sync="TRUE">MZIP</attalias><attrtype Sync="TRUE">String</attrtype><attwidth Sync="TRUE">15</attwidth><atprecis Sync="TRUE">0</atprecis><attscale Sync="TRUE">0</attscale></attr><attr><attrlabl Sync="TRUE">NPARNO</attrlabl><attalias Sync="TRUE">NPARNO</attalias><attrtype Sync="TRUE">String</attrtype><attwidth Sync="TRUE">100</attwidth><atprecis Sync="TRUE">0</atprecis><attscale Sync="TRUE">0</attscale></attr><attr><attrlabl Sync="TRUE">OWNFRST</attrlabl><attalias Sync="TRUE">OWNFRST</attalias><attrtype Sync="TRUE">String</attrtype><attwidth Sync="TRUE">100</attwidth><atprecis Sync="TRUE">0</atprecis><attscale Sync="TRUE">0</attscale></attr><attr><attrlabl Sync="TRUE">OWNLAST</attrlabl><attalias Sync="TRUE">OWNLAST</attalias><attrtype Sync="TRUE">String</attrtype><attwidth Sync="TRUE">100</attwidth><atprecis Sync="TRUE">0</atprecis><attscale Sync="TRUE">0</attscale></attr><attr><attrlabl Sync="TRUE">OWNNAME</attrlabl><attalias Sync="TRUE">OWNNAME</attalias><attrtype Sync="TRUE">String</attrtype><attwidth Sync="TRUE">200</attwidth><atprecis Sync="TRUE">0</atprecis><attscale Sync="TRUE">0</attscale></attr><attr><attrlabl Sync="TRUE">OWNNAME2</attrlabl><attalias Sync="TRUE">OWNNAME2</attalias><attrtype Sync="TRUE">String</attrtype><attwidth Sync="TRUE">200</attwidth><atprecis Sync="TRUE">0</atprecis><attscale Sync="TRUE">0</attscale></attr><attr><attrlabl Sync="TRUE">OWNTYPE</attrlabl><attalias Sync="TRUE">OWNTYPE</attalias><attrtype Sync="TRUE">String</attrtype><attwidth Sync="TRUE">50</attwidth><atprecis Sync="TRUE">0</atprecis><attscale Sync="TRUE">0</attscale></attr><attr><attrlabl Sync="TRUE">PARNO</attrlabl><attalias Sync="TRUE">PARNO</attalias><attrtype Sync="TRUE">String</attrtype><attwidth Sync="TRUE">100</attwidth><atprecis Sync="TRUE">0</atprecis><attscale Sync="TRUE">0</attscale></attr><attr><attrlabl Sync="TRUE">PARUSECD2</attrlabl><attalias Sync="TRUE">PARUSECD2</attalias><attrtype Sync="TRUE">String</attrtype><attwidth Sync="TRUE">25</attwidth><atprecis Sync="TRUE">0</atprecis><attscale Sync="TRUE">0</attscale></attr><attr><attrlabl Sync="TRUE">PARUSECODE</attrlabl><attalias Sync="TRUE">PARUSECODE</attalias><attrtype Sync="TRUE">String</attrtype><attwidth Sync="TRUE">50</attwidth><atprecis Sync="TRUE">0</atprecis><attscale Sync="TRUE">0</attscale></attr><attr><attrlabl Sync="TRUE">PARUSEDESC</attrlabl><attalias Sync="TRUE">PARUSEDESC</attalias><attrtype Sync="TRUE">String</attrtype><attwidth Sync="TRUE">125</attwidth><atprecis Sync="TRUE">0</atprecis><attscale Sync="TRUE">0</attscale></attr><attr><attrlabl Sync="TRUE">PARUSEDSC2</attrlabl><attalias Sync="TRUE">PARUSEDSC2</attalias><attrtype Sync="TRUE">String</attrtype><attwidth Sync="TRUE">125</attwidth><atprecis Sync="TRUE">0</atprecis><attscale Sync="TRUE">0</attscale></attr><attr><attrlabl Sync="TRUE">PARVAL</attrlabl><attalias Sync="TRUE">PARVAL</attalias><attrtype Sync="TRUE">Double</attrtype><attwidth Sync="TRUE">19</attwidth><atprecis Sync="TRUE">0</atprecis><attscale Sync="TRUE">0</attscale></attr><attr><attrlabl Sync="TRUE">PARVALTYPE</attrlabl><attalias Sync="TRUE">PARVALTYPE</attalias><attrtype Sync="TRUE">String</attrtype><attwidth Sync="TRUE">50</attwidth><atprecis Sync="TRUE">0</atprecis><attscale Sync="TRUE">0</attscale></attr><attr><attrlabl Sync="TRUE">PRESENTVAL</attrlabl><attalias Sync="TRUE">PRESENTVAL</attalias><attrtype Sync="TRUE">String</attrtype><attwidth Sync="TRUE">1</attwidth><atprecis Sync="TRUE">0</atprecis><attscale Sync="TRUE">0</attscale></attr><attr><attrlabl Sync="TRUE">RECAREANO</attrlabl><attalias Sync="TRUE">RECAREANO</attalias><attrtype Sync="TRUE">Single</attrtype><attwidth Sync="TRUE">13</attwidth><atprecis Sync="TRUE">0</atprecis><attscale Sync="TRUE">0</attscale></attr><attr><attrlabl Sync="TRUE">RECAREATX</attrlabl><attalias Sync="TRUE">RECAREATX</attalias><attrtype Sync="TRUE">String</attrtype><attwidth Sync="TRUE">25</attwidth><atprecis Sync="TRUE">0</atprecis><attscale Sync="TRUE">0</attscale></attr><attr><attrlabl Sync="TRUE">REVDATETX</attrlabl><attalias Sync="TRUE">REVDATETX</attalias><attrtype Sync="TRUE">String</attrtype><attwidth Sync="TRUE">25</attwidth><atprecis Sync="TRUE">0</atprecis><attscale Sync="TRUE">0</attscale></attr><attr><attrlabl Sync="TRUE">REVISEDATE</attrlabl><attalias Sync="TRUE">REVISEDATE</attalias><attrtype Sync="TRUE">Date</attrtype><attwidth Sync="TRUE">8</attwidth><atprecis Sync="TRUE">0</atprecis><attscale Sync="TRUE">0</attscale></attr><attr><attrlabl Sync="TRUE">REVISEYEAR</attrlabl><attalias Sync="TRUE">REVISEYEAR</attalias><attrtype Sync="TRUE">String</attrtype><attwidth Sync="TRUE">25</attwidth><atprecis Sync="TRUE">0</atprecis><attscale Sync="TRUE">0</attscale></attr><attr><attrlabl Sync="TRUE">SADDNO</attrlabl><attalias Sync="TRUE">SADDNO</attalias><attrtype Sync="TRUE">String</attrtype><attwidth Sync="TRUE">10</attwidth><atprecis Sync="TRUE">0</atprecis><attscale Sync="TRUE">0</attscale></attr><attr><attrlabl Sync="TRUE">SADDPREF</attrlabl><attalias Sync="TRUE">SADDPREF</attalias><attrtype Sync="TRUE">String</attrtype><attwidth Sync="TRUE">5</attwidth><atprecis Sync="TRUE">0</atprecis><attscale Sync="TRUE">0</attscale></attr><attr><attrlabl Sync="TRUE">SADDSTNAME</attrlabl><attalias Sync="TRUE">SADDSTNAME</attalias><attrtype Sync="TRUE">String</attrtype><attwidth Sync="TRUE">100</attwidth><atprecis Sync="TRUE">0</atprecis><attscale Sync="TRUE">0</attscale></attr><attr><attrlabl Sync="TRUE">SADDSTR</attrlabl><attalias Sync="TRUE">SADDSTR</attalias><attrtype Sync="TRUE">String</attrtype><attwidth Sync="TRUE">50</attwidth><atprecis Sync="TRUE">0</atprecis><attscale Sync="TRUE">0</attscale></attr><attr><attrlabl Sync="TRUE">SADDSTSUF</attrlabl><attalias Sync="TRUE">SADDSTSUF</attalias><attrtype Sync="TRUE">String</attrtype><attwidth Sync="TRUE">10</attwidth><atprecis Sync="TRUE">0</atprecis><attscale Sync="TRUE">0</attscale></attr><attr><attrlabl Sync="TRUE">SADDSTTYP</attrlabl><attalias Sync="TRUE">SADDSTTYP</attalias><attrtype Sync="TRUE">String</attrtype><attwidth Sync="TRUE">10</attwidth><atprecis Sync="TRUE">0</atprecis><attscale Sync="TRUE">0</attscale></attr><attr><attrlabl Sync="TRUE">SALEDATE</attrlabl><attalias Sync="TRUE">SALEDATE</attalias><attrtype Sync="TRUE">Date</attrtype><attwidth Sync="TRUE">8</attwidth><atprecis Sync="TRUE">0</atprecis><attscale Sync="TRUE">0</attscale></attr><attr><attrlabl Sync="TRUE">SALEDATETX</attrlabl><attalias Sync="TRUE">SALEDATETX</attalias><attrtype Sync="TRUE">String</attrtype><attwidth Sync="TRUE">25</attwidth><atprecis Sync="TRUE">0</atprecis><attscale Sync="TRUE">0</attscale></attr><attr><attrlabl Sync="TRUE">SCITY</attrlabl><attalias Sync="TRUE">SCITY</attalias><attrtype Sync="TRUE">String</attrtype><attwidth Sync="TRUE">100</attwidth><atprecis Sync="TRUE">0</atprecis><attscale Sync="TRUE">0</attscale></attr><attr><attrlabl Sync="TRUE">SITEADD</attrlabl><attalias Sync="TRUE">SITEADD</attalias><attrtype Sync="TRUE">String</attrtype><attwidth Sync="TRUE">200</attwidth><atprecis Sync="TRUE">0</atprecis><attscale Sync="TRUE">0</attscale></attr><attr><attrlabl Sync="TRUE">SOURCEAGNT</attrlabl><attalias Sync="TRUE">SOURCEAGNT</attalias><attrtype Sync="TRUE">String</attrtype><attwidth Sync="TRUE">100</attwidth><atprecis Sync="TRUE">0</atprecis><attscale Sync="TRUE">0</attscale></attr><attr><attrlabl Sync="TRUE">SOURCEDATE</attrlabl><attalias Sync="TRUE">SOURCEDATE</attalias><attrtype Sync="TRUE">Date</attrtype><attwidth Sync="TRUE">8</attwidth><atprecis Sync="TRUE">0</atprecis><attscale Sync="TRUE">0</attscale></attr><attr><attrlabl Sync="TRUE">SOURCEDATX</attrlabl><attalias Sync="TRUE">SOURCEDATX</attalias><attrtype Sync="TRUE">String</attrtype><attwidth Sync="TRUE">25</attwidth><atprecis Sync="TRUE">0</atprecis><attscale Sync="TRUE">0</attscale></attr><attr><attrlabl Sync="TRUE">SOURCEREF</attrlabl><attalias Sync="TRUE">SOURCEREF</attalias><attrtype Sync="TRUE">String</attrtype><attwidth Sync="TRUE">50</attwidth><atprecis Sync="TRUE">0</atprecis><attscale Sync="TRUE">0</attscale></attr><attr><attrlabl Sync="TRUE">SSTATE</attrlabl><attalias Sync="TRUE">SSTATE</attalias><attrtype Sync="TRUE">String</attrtype><attwidth Sync="TRUE">25</attwidth><atprecis Sync="TRUE">0</atprecis><attscale Sync="TRUE">0</attscale></attr><attr><attrlabl Sync="TRUE">STCNTYFIPS</attrlabl><attalias Sync="TRUE">STCNTYFIPS</attalias><attrtype Sync="TRUE">String</attrtype><attwidth Sync="TRUE">5</attwidth><atprecis Sync="TRUE">0</atprecis><attscale Sync="TRUE">0</attscale></attr><attr><attrlabl Sync="TRUE">STFIPS</attrlabl><attalias Sync="TRUE">STFIPS</attalias><attrtype Sync="TRUE">String</attrtype><attwidth Sync="TRUE">2</attwidth><atprecis Sync="TRUE">0</atprecis><attscale Sync="TRUE">0</attscale></attr><attr><attrlabl Sync="TRUE">STNAME</attrlabl><attalias Sync="TRUE">STNAME</attalias><attrtype Sync="TRUE">String</attrtype><attwidth Sync="TRUE">2</attwidth><atprecis Sync="TRUE">0</atprecis><attscale Sync="TRUE">0</attscale></attr><attr><attrlabl Sync="TRUE">STRUCT</attrlabl><attalias Sync="TRUE">STRUCT</attalias><attrtype Sync="TRUE">String</attrtype><attwidth Sync="TRUE">1</attwidth><atprecis Sync="TRUE">0</atprecis><attscale Sync="TRUE">0</attscale></attr><attr><attrlabl Sync="TRUE">STRUCTNO</attrlabl><attalias Sync="TRUE">STRUCTNO</attalias><attrtype Sync="TRUE">Integer</attrtype><attwidth Sync="TRUE">10</attwidth><atprecis Sync="TRUE">10</atprecis><attscale Sync="TRUE">0</attscale></attr><attr><attrlabl Sync="TRUE">STRUCTYEAR</attrlabl><attalias Sync="TRUE">STRUCTYEAR</attalias><attrtype Sync="TRUE">Integer</attrtype><attwidth Sync="TRUE">5</attwidth><atprecis Sync="TRUE">5</atprecis><attscale Sync="TRUE">0</attscale></attr><attr><attrlabl Sync="TRUE">SUBDIVISIO</attrlabl><attalias Sync="TRUE">SUBDIVISIO</attalias><attrtype Sync="TRUE">String</attrtype><attwidth Sync="TRUE">50</attwidth><atprecis Sync="TRUE">0</atprecis><attscale Sync="TRUE">0</attscale></attr><attr><attrlabl Sync="TRUE">SUBOWNTYPE</attrlabl><attalias Sync="TRUE">SUBOWNTYPE</attalias><attrtype Sync="TRUE">String</attrtype><attwidth Sync="TRUE">50</attwidth><atprecis Sync="TRUE">0</atprecis><attscale Sync="TRUE">0</attscale></attr><attr><attrlabl Sync="TRUE">SUBSURFOWN</attrlabl><attalias Sync="TRUE">SUBSURFOWN</attalias><attrtype Sync="TRUE">String</attrtype><attwidth Sync="TRUE">200</attwidth><atprecis Sync="TRUE">0</atprecis><attscale Sync="TRUE">0</attscale></attr><attr><attrlabl Sync="TRUE">SUNIT</attrlabl><attalias Sync="TRUE">SUNIT</attalias><attrtype Sync="TRUE">String</attrtype><attwidth Sync="TRUE">25</attwidth><atprecis Sync="TRUE">0</atprecis><attscale Sync="TRUE">0</attscale></attr><attr><attrlabl Sync="TRUE">SZIP</attrlabl><attalias Sync="TRUE">SZIP</attalias><attrtype Sync="TRUE">String</attrtype><attwidth Sync="TRUE">25</attwidth><atprecis Sync="TRUE">0</atprecis><attscale Sync="TRUE">0</attscale></attr><attr><attrlabl Sync="TRUE">TRANSFDATE</attrlabl><attalias Sync="TRUE">TRANSFDATE</attalias><attrtype Sync="TRUE">Date</attrtype><attwidth Sync="TRUE">8</attwidth><atprecis Sync="TRUE">0</atprecis><attscale Sync="TRUE">0</attscale></attr><attr><attrlabl Sync="TRUE">FID_nc_i_1</attrlabl><attalias Sync="TRUE">FID_nc_i_1</attalias><attrtype Sync="TRUE">Integer</attrtype><attwidth Sync="TRUE">10</attwidth><atprecis Sync="TRUE">10</atprecis><attscale Sync="TRUE">0</attscale></attr><attr><attrlabl Sync="TRUE">ALTPARNO_1</attrlabl><attalias Sync="TRUE">ALTPARNO_1</attalias><attrtype Sync="TRUE">String</attrtype><attwidth Sync="TRUE">25</attwidth><atprecis Sync="TRUE">0</atprecis><attscale Sync="TRUE">0</attscale></attr><attr><attrlabl Sync="TRUE">CNTYFIPS_1</attrlabl><attalias Sync="TRUE">CNTYFIPS_1</attalias><attrtype Sync="TRUE">String</attrtype><attwidth Sync="TRUE">3</attwidth><atprecis Sync="TRUE">0</atprecis><attscale Sync="TRUE">0</attscale></attr><attr><attrlabl Sync="TRUE">CNTYNAME_1</attrlabl><attalias Sync="TRUE">CNTYNAME_1</attalias><attrtype Sync="TRUE">String</attrtype><attwidth Sync="TRUE">50</attwidth><atprecis Sync="TRUE">0</atprecis><attscale Sync="TRUE">0</attscale></attr><attr><attrlabl Sync="TRUE">GISACRES_1</attrlabl><attalias Sync="TRUE">GISACRES_1</attalias><attrtype Sync="TRUE">Double</attrtype><attwidth Sync="TRUE">19</attwidth><atprecis Sync="TRUE">0</atprecis><attscale Sync="TRUE">0</attscale></attr><attr><attrlabl Sync="TRUE">GNISID_1</attrlabl><attalias Sync="TRUE">GNISID_1</attalias><attrtype Sync="TRUE">Integer</attrtype><attwidth Sync="TRUE">10</attwidth><atprecis Sync="TRUE">10</atprecis><attscale Sync="TRUE">0</attscale></attr><attr><attrlabl Sync="TRUE">IMPROVVAL_</attrlabl><attalias Sync="TRUE">IMPROVVAL_</attalias><attrtype Sync="TRUE">Double</attrtype><attwidth Sync="TRUE">19</attwidth><atprecis Sync="TRUE">0</atprecis><attscale Sync="TRUE">0</attscale></attr><attr><attrlabl Sync="TRUE">LANDVAL_1</attrlabl><attalias Sync="TRUE">LANDVAL_1</attalias><attrtype Sync="TRUE">Double</attrtype><attwidth Sync="TRUE">19</attwidth><atprecis Sync="TRUE">0</atprecis><attscale Sync="TRUE">0</attscale></attr><attr><attrlabl Sync="TRUE">LEGDECFU_1</attrlabl><attalias Sync="TRUE">LEGDECFU_1</attalias><attrtype Sync="TRUE">String</attrtype><attwidth Sync="TRUE">254</attwidth><atprecis Sync="TRUE">0</atprecis><attscale Sync="TRUE">0</attscale></attr><attr><attrlabl Sync="TRUE">MADDPREF_1</attrlabl><attalias Sync="TRUE">MADDPREF_1</attalias><attrtype Sync="TRUE">String</attrtype><attwidth Sync="TRUE">5</attwidth><atprecis Sync="TRUE">0</atprecis><attscale Sync="TRUE">0</attscale></attr><attr><attrlabl Sync="TRUE">MADDRNO_1</attrlabl><attalias Sync="TRUE">MADDRNO_1</attalias><attrtype Sync="TRUE">String</attrtype><attwidth Sync="TRUE">10</attwidth><atprecis Sync="TRUE">0</atprecis><attscale Sync="TRUE">0</attscale></attr><attr><attrlabl Sync="TRUE">MADDSTNA_1</attrlabl><attalias Sync="TRUE">MADDSTNA_1</attalias><attrtype Sync="TRUE">String</attrtype><attwidth Sync="TRUE">100</attwidth><atprecis Sync="TRUE">0</atprecis><attscale Sync="TRUE">0</attscale></attr><attr><attrlabl Sync="TRUE">MADDSTR_1</attrlabl><attalias Sync="TRUE">MADDSTR_1</attalias><attrtype Sync="TRUE">String</attrtype><attwidth Sync="TRUE">50</attwidth><atprecis Sync="TRUE">0</atprecis><attscale Sync="TRUE">0</attscale></attr><attr><attrlabl Sync="TRUE">MADDSTSUF_</attrlabl><attalias Sync="TRUE">MADDSTSUF_</attalias><attrtype Sync="TRUE">String</attrtype><attwidth Sync="TRUE">10</attwidth><atprecis Sync="TRUE">0</atprecis><attscale Sync="TRUE">0</attscale></attr><attr><attrlabl Sync="TRUE">MADDSTTYP_</attrlabl><attalias Sync="TRUE">MADDSTTYP_</attalias><attrtype Sync="TRUE">String</attrtype><attwidth Sync="TRUE">10</attwidth><atprecis Sync="TRUE">0</atprecis><attscale Sync="TRUE">0</attscale></attr><attr><attrlabl Sync="TRUE">MAILADD_1</attrlabl><attalias Sync="TRUE">MAILADD_1</attalias><attrtype Sync="TRUE">String</attrtype><attwidth Sync="TRUE">200</attwidth><atprecis Sync="TRUE">0</atprecis><attscale Sync="TRUE">0</attscale></attr><attr><attrlabl Sync="TRUE">MAPREF_1</attrlabl><attalias Sync="TRUE">MAPREF_1</attalias><attrtype Sync="TRUE">String</attrtype><attwidth Sync="TRUE">50</attwidth><atprecis Sync="TRUE">0</atprecis><attscale Sync="TRUE">0</attscale></attr><attr><attrlabl Sync="TRUE">MCITY_1</attrlabl><attalias Sync="TRUE">MCITY_1</attalias><attrtype Sync="TRUE">String</attrtype><attwidth Sync="TRUE">100</attwidth><atprecis Sync="TRUE">0</atprecis><attscale Sync="TRUE">0</attscale></attr><attr><attrlabl Sync="TRUE">MSTATE_1</attrlabl><attalias Sync="TRUE">MSTATE_1</attalias><attrtype Sync="TRUE">String</attrtype><attwidth Sync="TRUE">2</attwidth><atprecis Sync="TRUE">0</atprecis><attscale Sync="TRUE">0</attscale></attr><attr><attrlabl Sync="TRUE">MULTISTR_1</attrlabl><attalias Sync="TRUE">MULTISTR_1</attalias><attrtype Sync="TRUE">String</attrtype><attwidth Sync="TRUE">1</attwidth><atprecis Sync="TRUE">0</atprecis><attscale Sync="TRUE">0</attscale></attr><attr><attrlabl Sync="TRUE">MUNIT_1</attrlabl><attalias Sync="TRUE">MUNIT_1</attalias><attrtype Sync="TRUE">String</attrtype><attwidth Sync="TRUE">25</attwidth><atprecis Sync="TRUE">0</atprecis><attscale Sync="TRUE">0</attscale></attr><attr><attrlabl Sync="TRUE">MZIP_1</attrlabl><attalias Sync="TRUE">MZIP_1</attalias><attrtype Sync="TRUE">String</attrtype><attwidth Sync="TRUE">15</attwidth><atprecis Sync="TRUE">0</atprecis><attscale Sync="TRUE">0</attscale></attr><attr><attrlabl Sync="TRUE">NPARNO_1</attrlabl><attalias Sync="TRUE">NPARNO_1</attalias><attrtype Sync="TRUE">String</attrtype><attwidth Sync="TRUE">100</attwidth><atprecis Sync="TRUE">0</atprecis><attscale Sync="TRUE">0</attscale></attr><attr><attrlabl Sync="TRUE">OWNFRST_1</attrlabl><attalias Sync="TRUE">OWNFRST_1</attalias><attrtype Sync="TRUE">String</attrtype><attwidth Sync="TRUE">100</attwidth><atprecis Sync="TRUE">0</atprecis><attscale Sync="TRUE">0</attscale></attr><attr><attrlabl Sync="TRUE">OWNLAST_1</attrlabl><attalias Sync="TRUE">OWNLAST_1</attalias><attrtype Sync="TRUE">String</attrtype><attwidth Sync="TRUE">100</attwidth><atprecis Sync="TRUE">0</atprecis><attscale Sync="TRUE">0</attscale></attr><attr><attrlabl Sync="TRUE">OWNNAME_1</attrlabl><attalias Sync="TRUE">OWNNAME_1</attalias><attrtype Sync="TRUE">String</attrtype><attwidth Sync="TRUE">200</attwidth><atprecis Sync="TRUE">0</atprecis><attscale Sync="TRUE">0</attscale></attr><attr><attrlabl Sync="TRUE">OWNNAME2_1</attrlabl><attalias Sync="TRUE">OWNNAME2_1</attalias><attrtype Sync="TRUE">String</attrtype><attwidth Sync="TRUE">200</attwidth><atprecis Sync="TRUE">0</atprecis><attscale Sync="TRUE">0</attscale></attr><attr><attrlabl Sync="TRUE">OWNTYPE_1</attrlabl><attalias Sync="TRUE">OWNTYPE_1</attalias><attrtype Sync="TRUE">String</attrtype><attwidth Sync="TRUE">50</attwidth><atprecis Sync="TRUE">0</atprecis><attscale Sync="TRUE">0</attscale></attr><attr><attrlabl Sync="TRUE">PARNO_1</attrlabl><attalias Sync="TRUE">PARNO_1</attalias><attrtype Sync="TRUE">String</attrtype><attwidth Sync="TRUE">100</attwidth><atprecis Sync="TRUE">0</atprecis><attscale Sync="TRUE">0</attscale></attr><attr><attrlabl Sync="TRUE">PARUSECD2_</attrlabl><attalias Sync="TRUE">PARUSECD2_</attalias><attrtype Sync="TRUE">String</attrtype><attwidth Sync="TRUE">25</attwidth><atprecis Sync="TRUE">0</atprecis><attscale Sync="TRUE">0</attscale></attr><attr><attrlabl Sync="TRUE">PARUSECO_1</attrlabl><attalias Sync="TRUE">PARUSECO_1</attalias><attrtype Sync="TRUE">String</attrtype><attwidth Sync="TRUE">50</attwidth><atprecis Sync="TRUE">0</atprecis><attscale Sync="TRUE">0</attscale></attr><attr><attrlabl Sync="TRUE">PARUSEDE_1</attrlabl><attalias Sync="TRUE">PARUSEDE_1</attalias><attrtype Sync="TRUE">String</attrtype><attwidth Sync="TRUE">125</attwidth><atprecis Sync="TRUE">0</atprecis><attscale Sync="TRUE">0</attscale></attr><attr><attrlabl Sync="TRUE">PARUSEDS_1</attrlabl><attalias Sync="TRUE">PARUSEDS_1</attalias><attrtype Sync="TRUE">String</attrtype><attwidth Sync="TRUE">125</attwidth><atprecis Sync="TRUE">0</atprecis><attscale Sync="TRUE">0</attscale></attr><attr><attrlabl Sync="TRUE">PARVAL_1</attrlabl><attalias Sync="TRUE">PARVAL_1</attalias><attrtype Sync="TRUE">Double</attrtype><attwidth Sync="TRUE">19</attwidth><atprecis Sync="TRUE">0</atprecis><attscale Sync="TRUE">0</attscale></attr><attr><attrlabl Sync="TRUE">PARVALTY_1</attrlabl><attalias Sync="TRUE">PARVALTY_1</attalias><attrtype Sync="TRUE">String</attrtype><attwidth Sync="TRUE">50</attwidth><atprecis Sync="TRUE">0</atprecis><attscale Sync="TRUE">0</attscale></attr><attr><attrlabl Sync="TRUE">PRESENTV_1</attrlabl><attalias Sync="TRUE">PRESENTV_1</attalias><attrtype Sync="TRUE">String</attrtype><attwidth Sync="TRUE">1</attwidth><atprecis Sync="TRUE">0</atprecis><attscale Sync="TRUE">0</attscale></attr><attr><attrlabl Sync="TRUE">RECAREANO_</attrlabl><attalias Sync="TRUE">RECAREANO_</attalias><attrtype Sync="TRUE">Single</attrtype><attwidth Sync="TRUE">13</attwidth><atprecis Sync="TRUE">0</atprecis><attscale Sync="TRUE">0</attscale></attr><attr><attrlabl Sync="TRUE">RECAREATX_</attrlabl><attalias Sync="TRUE">RECAREATX_</attalias><attrtype Sync="TRUE">String</attrtype><attwidth Sync="TRUE">25</attwidth><atprecis Sync="TRUE">0</atprecis><attscale Sync="TRUE">0</attscale></attr><attr><attrlabl Sync="TRUE">REVDATETX_</attrlabl><attalias Sync="TRUE">REVDATETX_</attalias><attrtype Sync="TRUE">String</attrtype><attwidth Sync="TRUE">25</attwidth><atprecis Sync="TRUE">0</atprecis><attscale Sync="TRUE">0</attscale></attr><attr><attrlabl Sync="TRUE">REVISEDA_1</attrlabl><attalias Sync="TRUE">REVISEDA_1</attalias><attrtype Sync="TRUE">Date</attrtype><attwidth Sync="TRUE">8</attwidth><atprecis Sync="TRUE">0</atprecis><attscale Sync="TRUE">0</attscale></attr><attr><attrlabl Sync="TRUE">REVISEYE_1</attrlabl><attalias Sync="TRUE">REVISEYE_1</attalias><attrtype Sync="TRUE">String</attrtype><attwidth Sync="TRUE">25</attwidth><atprecis Sync="TRUE">0</atprecis><attscale Sync="TRUE">0</attscale></attr><attr><attrlabl Sync="TRUE">SADDNO_1</attrlabl><attalias Sync="TRUE">SADDNO_1</attalias><attrtype Sync="TRUE">String</attrtype><attwidth Sync="TRUE">10</attwidth><atprecis Sync="TRUE">0</atprecis><attscale Sync="TRUE">0</attscale></attr><attr><attrlabl Sync="TRUE">SADDPREF_1</attrlabl><attalias Sync="TRUE">SADDPREF_1</attalias><attrtype Sync="TRUE">String</attrtype><attwidth Sync="TRUE">5</attwidth><atprecis Sync="TRUE">0</atprecis><attscale Sync="TRUE">0</attscale></attr><attr><attrlabl Sync="TRUE">SADDSTNA_1</attrlabl><attalias Sync="TRUE">SADDSTNA_1</attalias><attrtype Sync="TRUE">String</attrtype><attwidth Sync="TRUE">100</attwidth><atprecis Sync="TRUE">0</atprecis><attscale Sync="TRUE">0</attscale></attr><attr><attrlabl Sync="TRUE">SADDSTR_1</attrlabl><attalias Sync="TRUE">SADDSTR_1</attalias><attrtype Sync="TRUE">String</attrtype><attwidth Sync="TRUE">50</attwidth><atprecis Sync="TRUE">0</atprecis><attscale Sync="TRUE">0</attscale></attr><attr><attrlabl Sync="TRUE">SADDSTSUF_</attrlabl><attalias Sync="TRUE">SADDSTSUF_</attalias><attrtype Sync="TRUE">String</attrtype><attwidth Sync="TRUE">10</attwidth><atprecis Sync="TRUE">0</atprecis><attscale Sync="TRUE">0</attscale></attr><attr><attrlabl Sync="TRUE">SADDSTTYP_</attrlabl><attalias Sync="TRUE">SADDSTTYP_</attalias><attrtype Sync="TRUE">String</attrtype><attwidth Sync="TRUE">10</attwidth><atprecis Sync="TRUE">0</atprecis><attscale Sync="TRUE">0</attscale></attr><attr><attrlabl Sync="TRUE">SALEDATE_1</attrlabl><attalias Sync="TRUE">SALEDATE_1</attalias><attrtype Sync="TRUE">Date</attrtype><attwidth Sync="TRUE">8</attwidth><atprecis Sync="TRUE">0</atprecis><attscale Sync="TRUE">0</attscale></attr><attr><attrlabl Sync="TRUE">SALEDATE_2</attrlabl><attalias Sync="TRUE">SALEDATE_2</attalias><attrtype Sync="TRUE">String</attrtype><attwidth Sync="TRUE">25</attwidth><atprecis Sync="TRUE">0</atprecis><attscale Sync="TRUE">0</attscale></attr><attr><attrlabl Sync="TRUE">SCITY_1</attrlabl><attalias Sync="TRUE">SCITY_1</attalias><attrtype Sync="TRUE">String</attrtype><attwidth Sync="TRUE">100</attwidth><atprecis Sync="TRUE">0</atprecis><attscale Sync="TRUE">0</attscale></attr><attr><attrlabl Sync="TRUE">SITEADD_1</attrlabl><attalias Sync="TRUE">SITEADD_1</attalias><attrtype Sync="TRUE">String</attrtype><attwidth Sync="TRUE">200</attwidth><atprecis Sync="TRUE">0</atprecis><attscale Sync="TRUE">0</attscale></attr><attr><attrlabl Sync="TRUE">SOURCEAG_1</attrlabl><attalias Sync="TRUE">SOURCEAG_1</attalias><attrtype Sync="TRUE">String</attrtype><attwidth Sync="TRUE">100</attwidth><atprecis Sync="TRUE">0</atprecis><attscale Sync="TRUE">0</attscale></attr><attr><attrlabl Sync="TRUE">SOURCEDA_1</attrlabl><attalias Sync="TRUE">SOURCEDA_1</attalias><attrtype Sync="TRUE">Date</attrtype><attwidth Sync="TRUE">8</attwidth><atprecis Sync="TRUE">0</atprecis><attscale Sync="TRUE">0</attscale></attr><attr><attrlabl Sync="TRUE">SOURCEDA_2</attrlabl><attalias Sync="TRUE">SOURCEDA_2</attalias><attrtype Sync="TRUE">String</attrtype><attwidth Sync="TRUE">25</attwidth><atprecis Sync="TRUE">0</atprecis><attscale Sync="TRUE">0</attscale></attr><attr><attrlabl Sync="TRUE">SOURCEREF_</attrlabl><attalias Sync="TRUE">SOURCEREF_</attalias><attrtype Sync="TRUE">String</attrtype><attwidth Sync="TRUE">50</attwidth><atprecis Sync="TRUE">0</atprecis><attscale Sync="TRUE">0</attscale></attr><attr><attrlabl Sync="TRUE">SSTATE_1</attrlabl><attalias Sync="TRUE">SSTATE_1</attalias><attrtype Sync="TRUE">String</attrtype><attwidth Sync="TRUE">25</attwidth><atprecis Sync="TRUE">0</atprecis><attscale Sync="TRUE">0</attscale></attr><attr><attrlabl Sync="TRUE">STCNTYFI_1</attrlabl><attalias Sync="TRUE">STCNTYFI_1</attalias><attrtype Sync="TRUE">String</attrtype><attwidth Sync="TRUE">5</attwidth><atprecis Sync="TRUE">0</atprecis><attscale Sync="TRUE">0</attscale></attr><attr><attrlabl Sync="TRUE">STFIPS_1</attrlabl><attalias Sync="TRUE">STFIPS_1</attalias><attrtype Sync="TRUE">String</attrtype><attwidth Sync="TRUE">2</attwidth><atprecis Sync="TRUE">0</atprecis><attscale Sync="TRUE">0</attscale></attr><attr><attrlabl Sync="TRUE">STNAME_1</attrlabl><attalias Sync="TRUE">STNAME_1</attalias><attrtype Sync="TRUE">String</attrtype><attwidth Sync="TRUE">2</attwidth><atprecis Sync="TRUE">0</atprecis><attscale Sync="TRUE">0</attscale></attr><attr><attrlabl Sync="TRUE">STRUCT_1</attrlabl><attalias Sync="TRUE">STRUCT_1</attalias><attrtype Sync="TRUE">String</attrtype><attwidth Sync="TRUE">1</attwidth><atprecis Sync="TRUE">0</atprecis><attscale Sync="TRUE">0</attscale></attr><attr><attrlabl Sync="TRUE">STRUCTNO_1</attrlabl><attalias Sync="TRUE">STRUCTNO_1</attalias><attrtype Sync="TRUE">Integer</attrtype><attwidth Sync="TRUE">10</attwidth><atprecis Sync="TRUE">10</atprecis><attscale Sync="TRUE">0</attscale></attr><attr><attrlabl Sync="TRUE">STRUCTYE_1</attrlabl><attalias Sync="TRUE">STRUCTYE_1</attalias><attrtype Sync="TRUE">Integer</attrtype><attwidth Sync="TRUE">5</attwidth><atprecis Sync="TRUE">5</atprecis><attscale Sync="TRUE">0</attscale></attr><attr><attrlabl Sync="TRUE">SUBDIVIS_1</attrlabl><attalias Sync="TRUE">SUBDIVIS_1</attalias><attrtype Sync="TRUE">String</attrtype><attwidth Sync="TRUE">50</attwidth><atprecis Sync="TRUE">0</atprecis><attscale Sync="TRUE">0</attscale></attr><attr><attrlabl Sync="TRUE">SUBOWNTY_1</attrlabl><attalias Sync="TRUE">SUBOWNTY_1</attalias><attrtype Sync="TRUE">String</attrtype><attwidth Sync="TRUE">50</attwidth><atprecis Sync="TRUE">0</atprecis><attscale Sync="TRUE">0</attscale></attr><attr><attrlabl Sync="TRUE">SUBSURFO_1</attrlabl><attalias Sync="TRUE">SUBSURFO_1</attalias><attrtype Sync="TRUE">String</attrtype><attwidth Sync="TRUE">200</attwidth><atprecis Sync="TRUE">0</atprecis><attscale Sync="TRUE">0</attscale></attr><attr><attrlabl Sync="TRUE">SUNIT_1</attrlabl><attalias Sync="TRUE">SUNIT_1</attalias><attrtype Sync="TRUE">String</attrtype><attwidth Sync="TRUE">25</attwidth><atprecis Sync="TRUE">0</atprecis><attscale Sync="TRUE">0</attscale></attr><attr><attrlabl Sync="TRUE">SZIP_1</attrlabl><attalias Sync="TRUE">SZIP_1</attalias><attrtype Sync="TRUE">String</attrtype><attwidth Sync="TRUE">25</attwidth><atprecis Sync="TRUE">0</atprecis><attscale Sync="TRUE">0</attscale></attr><attr><attrlabl Sync="TRUE">TRANSFDA_1</attrlabl><attalias Sync="TRUE">TRANSFDA_1</attalias><attrtype Sync="TRUE">Date</attrtype><attwidth Sync="TRUE">8</attwidth><atprecis Sync="TRUE">0</atprecis><attscale Sync="TRUE">0</attscale></attr><attr><attrlabl Sync="TRUE">Shape_Leng</attrlabl><attalias Sync="TRUE">Shape_Leng</attalias><attrtype Sync="TRUE">Double</attrtype><attwidth Sync="TRUE">19</attwidth><atprecis Sync="TRUE">0</atprecis><attscale Sync="TRUE">0</attscale></attr><attr><attrlabl Sync="TRUE">Shape_Area</attrlabl><attalias Sync="TRUE">Shape_Area</attalias><attrtype Sync="TRUE">Double</attrtype><attwidth Sync="TRUE">19</attwidth><atprecis Sync="TRUE">0</atprecis><attscale Sync="TRUE">0</attscale><attrdef Sync="TRUE">Area of feature in internal units squared.</attrdef><attrdefs Sync="TRUE">Esri</attrdefs><attrdomv><udom Sync="TRUE">Positive real numbers that are automatically generated.</udom></attrdomv></attr><attr><attrlabl Sync="TRUE">PWSID</attrlabl><attalias Sync="TRUE">PWSID</attalias><attrtype Sync="TRUE">String</attrtype><attwidth Sync="TRUE">254</attwidth><atprecis Sync="TRUE">0</atprecis><attscale Sync="TRUE">0</attscale></attr><attr><attrlabl Sync="TRUE">SystemName</attrlabl><attalias Sync="TRUE">SystemName</attalias><attrtype Sync="TRUE">String</attrtype><attwidth Sync="TRUE">254</attwidth><atprecis Sync="TRUE">0</atprecis><attscale Sync="TRUE">0</attscale></attr><attr><attrlabl Sync="TRUE">SourceType</attrlabl><attalias Sync="TRUE">SourceType</attalias><attrtype Sync="TRUE">String</attrtype><attwidth Sync="TRUE">254</attwidth><atprecis Sync="TRUE">0</atprecis><attscale Sync="TRUE">0</attscale></attr><attr><attrlabl Sync="TRUE">AreaType</attrlabl><attalias Sync="TRUE">AreaType</attalias><attrtype Sync="TRUE">String</attrtype><attwidth Sync="TRUE">254</attwidth><atprecis Sync="TRUE">0</atprecis><attscale Sync="TRUE">0</attscale></attr><attr><attrlabl Sync="TRUE">County</attrlabl><attalias Sync="TRUE">County</attalias><attrtype Sync="TRUE">String</attrtype><attwidth Sync="TRUE">254</attwidth><atprecis Sync="TRUE">0</atprecis><attscale Sync="TRUE">0</attscale></attr></detailed></eainfo><mdDateSt Sync="TRUE">20191013</mdDateSt></metadata>
