<?xml version="1.0" encoding="UTF-8"?>
<metadata xml:lang="en"><Esri><CreaDate>20190423</CreaDate><CreaTime>16330400</CreaTime><ArcGISFormat>1.0</ArcGISFormat><SyncOnce>TRUE</SyncOnce><DataProperties><lineage><Process ToolSource="c:\program files\arcgis\pro\Resources\ArcToolbox\toolboxes\Data Management Tools.tbx\CreateFeatureclass" Date="20190423" Time="163304">CreateFeatureclass "Z:\MAPS\not done\158010_Mars_Hill\marshill" mars_hill_service_area_extents.shp Polygon # No No # # 0 0 0 #</Process><Process Name="Add Fields (multiple)" ToolSource="c:\program files\arcgis\pro\Resources\ArcToolbox\toolboxes\Data Management Tools.tbx\AddFields" Date="20190423" Time="163541">AddFields mars_hill_service_area_extents "PWSID LONG # # #;SystemName TEXT 'Utility Name' 255 #;SourceType TEXT # 255 #;AreaType TEXT # 255 #"</Process><Process Name="Calculate Fields (multiple)" ToolSource="c:\program files\arcgis\pro\Resources\ArcToolbox\toolboxes\Data Management Tools.tbx\CalculateFields" Date="20190423" Time="163541">CalculateFields mars_hill_service_area_extents "Python 3" "PWSID 158010;SystemName '"Mars_Hill"';SourceType '"Water_Lines"';AreaType '"Service_Area_Extents"'" #</Process><Process ToolSource="c:\program files\arcgis\pro\Resources\ArcToolbox\toolboxes\Data Management Tools.tbx\DeleteField" Date="20191210" Time="124944">DeleteField mars_hill_service_area_extents PWSID;SystemName;SourceType;AreaType</Process><Process Name="Add Fields (multiple)" ToolSource="c:\program files\arcgis\pro\Resources\ArcToolbox\toolboxes\Data Management Tools.tbx\AddFields" Date="20191210" Time="125112">AddFields mars_hill_service_area_extents "PWSID TEXT # 255 # #;SystemName TEXT # 255 # #;SourceType TEXT # 255 # #;AreaType TEXT # 255 # #;County TEXT # 255 # #"</Process><Process Name="Calculate Fields (multiple)" ToolSource="c:\program files\arcgis\pro\Resources\ArcToolbox\toolboxes\Data Management Tools.tbx\CalculateFields" Date="20191210" Time="125113">CalculateFields mars_hill_service_area_extents PYTHON3 "PWSID '"01-58-010"';SystemName '"Mars_Hill_Town_Of"';SourceType '"Water_Lines"';AreaType '"Service_Area_Extent"';County '"Madison"'" #</Process><Process ToolSource="c:\program files\arcgis\pro\Resources\ArcToolbox\toolboxes\Data Management Tools.tbx\DeleteField" Date="20191210" Time="125123">DeleteField mars_hill_service_area_extents Id</Process><Process ToolSource="c:\program files\arcgis\pro\Resources\ArcToolbox\toolboxes\Data Management Tools.tbx\Rename" Date="20191210" Time="125133">Rename "Z:\Innovation Infrastructure\Archived_QAQC\MarsHill\mars_hill_service_area_extents.shp" "Z:\Innovation Infrastructure\Archived_QAQC\MarsHill\01-58-010_mars_hill_service_area_extents.shp" ShapeFile</Process></lineage></DataProperties></Esri></metadata>
