<?xml version="1.0" encoding="UTF-8"?>
<metadata xml:lang="en"><Esri><CreaDate>20190414</CreaDate><CreaTime>13505300</CreaTime><ArcGISFormat>1.0</ArcGISFormat><SyncOnce>TRUE</SyncOnce><DataProperties><lineage><Process ToolSource="c:\program files\arcgis\pro\Resources\ArcToolbox\toolboxes\Data Management Tools.tbx\CreateFeatureclass" Date="20190414" Time="135053">CreateFeatureclass "P:\MAPS\not done\230010_Mocksville\mocksville" Mocksville_Service_Area_Extents.shp Polygon # No No # # 0 0 0 #</Process><Process Name="Add Fields (multiple)" ToolSource="c:\program files\arcgis\pro\Resources\ArcToolbox\toolboxes\Data Management Tools.tbx\AddFields" Date="20190414" Time="135335">AddFields Mocksville_Service_Area_Extents "PWSID LONG # # #;SystemName TEXT 'Utility Name' 255 #;SourceType TEXT # 255 #;AreaType TEXT # 255 #"</Process><Process Name="Calculate Fields (multiple)" ToolSource="c:\program files\arcgis\pro\Resources\ArcToolbox\toolboxes\Data Management Tools.tbx\CalculateFields" Date="20190414" Time="135335">CalculateFields Mocksville_Service_Area_Extents "Python 3" "PWSID 230010;SystemName '"Mocksville"';SourceType '"Water Lines"';AreaType '"Service_Area_Extent"'" #</Process><Process ToolSource="c:\program files\arcgis\pro\Resources\ArcToolbox\toolboxes\Data Management Tools.tbx\DeleteField" Date="20191210" Time="151517">DeleteField Mocksville_Service_Area_Extents PWSID;SystemName;SourceType;AreaType</Process><Process Name="Add Fields (multiple)" ToolSource="c:\program files\arcgis\pro\Resources\ArcToolbox\toolboxes\Data Management Tools.tbx\AddFields" Date="20191210" Time="151730">AddFields Mocksville_Service_Area_Extents "PWSID TEXT # 255 # #;SystemName TEXT # 255 # #;SourceType TEXT # 255 # #;AreaType TEXT # 255 # #;County TEXT # 255 # #"</Process><Process Name="Calculate Fields (multiple)" ToolSource="c:\program files\arcgis\pro\Resources\ArcToolbox\toolboxes\Data Management Tools.tbx\CalculateFields" Date="20191210" Time="151730">CalculateFields Mocksville_Service_Area_Extents PYTHON3 "PWSID '"02-30-010"';SystemName '"Mocksville_Town_Of"';SourceType '"Water_Lines"';AreaType '"Service_Area_Extent"';County '"Davie"'" #</Process><Process ToolSource="c:\program files\arcgis\pro\Resources\ArcToolbox\toolboxes\Data Management Tools.tbx\DeleteField" Date="20191210" Time="151734">DeleteField Mocksville_Service_Area_Extents Id</Process><Process ToolSource="c:\program files\arcgis\pro\Resources\ArcToolbox\toolboxes\Data Management Tools.tbx\Rename" Date="20191210" Time="151818">Rename "Z:\Innovation Infrastructure\Archived_QAQC\Mocksville\Mocksville_Service_Area_Extents.shp" "Z:\Innovation Infrastructure\Archived_QAQC\Mocksville\02-30-010_Mocksville_Service_Area_Extents.shp" ShapeFile</Process></lineage></DataProperties></Esri></metadata>
