<?xml version="1.0" encoding="UTF-8"?>
<metadata xml:lang="en"><Esri><CreaDate>20190724</CreaDate><CreaTime>13551200</CreaTime><ArcGISFormat>1.0</ArcGISFormat><SyncOnce>TRUE</SyncOnce><DataProperties><lineage><Process ToolSource="c:\program files\arcgis\pro\Resources\ArcToolbox\toolboxes\Conversion Tools.tbx\RasterToPolygon" Date="20190724" Time="135512">RasterToPolygon service_area_reclass.tif "P:\Chatham North\Utility_Service_Area.shp" SIMPLIFY Value SINGLE_OUTER_PART #</Process><Process Name="Add Fields (multiple)" ToolSource="c:\program files\arcgis\pro\Resources\ArcToolbox\toolboxes\Data Management Tools.tbx\AddFields" Date="20191204" Time="113612">AddFields Utility_Service_Area "PWSID TEXT # 255 # #;SystemName TEXT # 255 # #;SourceType TEXT # 255 # #;AreaType TEXT # 255 # #;County TEXT # 255 # #"</Process><Process Name="Calculate Fields (multiple)" ToolSource="c:\program files\arcgis\pro\Resources\ArcToolbox\toolboxes\Data Management Tools.tbx\CalculateFields" Date="20191204" Time="113613">CalculateFields Utility_Service_Area PYTHON3 "PWSID '"03-19-126"';SystemName '"Chatham_County-North"';SourceType '"Service_Area"';AreaType '"Service_Area_Extent"';County '"Chatham"'" #</Process><Process ToolSource="c:\program files\arcgis\pro\Resources\ArcToolbox\Toolboxes\Data Management Tools.tbx\DeleteField" Date="20191204" Time="113620">DeleteField Utility_Service_Area Id;gridcode</Process><Process ToolSource="c:\program files\arcgis\pro\Resources\ArcToolbox\Toolboxes\Data Management Tools.tbx\Rename" Date="20191204" Time="113701">Rename "Z:\Innovation Infrastructure\Archived_QAQC\Chatham_Co_N\Utility_Service_Area.shp" "Z:\Innovation Infrastructure\Archived_QAQC\Chatham_Co_N\03-19-126_Utility_Service_Area.shp" ShapeFile</Process></lineage></DataProperties></Esri></metadata>
