<?xml version="1.0" encoding="UTF-8"?>
<metadata xml:lang="en"><Esri><CreaDate>20190730</CreaDate><CreaTime>15064200</CreaTime><ArcGISFormat>1.0</ArcGISFormat><SyncOnce>TRUE</SyncOnce><DataProperties><lineage><Process ToolSource="c:\program files\arcgis\pro\Resources\ArcToolbox\toolboxes\Conversion Tools.tbx\RasterToPolygon" Date="20190730" Time="150642">RasterToPolygon service_area_reclass.tif "P:\Chatham SW\Utility_Service_Area_Polygon.shp" SIMPLIFY Value SINGLE_OUTER_PART #</Process><Process Name="Add Fields (multiple)" ToolSource="c:\program files\arcgis\pro\Resources\ArcToolbox\toolboxes\Data Management Tools.tbx\AddFields" Date="20190730" Time="150810">AddFields Utility_Service_Area_Polygon "PWSID TEXT # 255 #;SystemName TEXT 'Utility Name' 255 #;SourceType TEXT # 255 #;AreaType TEXT # 255 #;County TEXT # 255 #"</Process><Process Name="Calculate Fields (multiple)" ToolSource="c:\program files\arcgis\pro\Resources\ArcToolbox\toolboxes\Data Management Tools.tbx\CalculateFields" Date="20190730" Time="150810">CalculateFields Utility_Service_Area_Polygon "Python 3" "PWSID '"03-19-050"';SystemName '"Chatham_Co-SW_Chatham"';SourceType '"Service Area"';AreaType '"Service_Area_Extent"';County '"Chatham"'" #</Process><Process ToolSource="c:\program files\arcgis\pro\Resources\ArcToolbox\Toolboxes\Data Management Tools.tbx\DeleteField" Date="20191204" Time="100342">DeleteField Utility_Service_Area_Polygon Id;gridcode</Process><Process ToolSource="c:\program files\arcgis\pro\Resources\ArcToolbox\Toolboxes\Data Management Tools.tbx\Rename" Date="20191204" Time="100458">Rename "Z:\Innovation Infrastructure\Archived_QAQC\Chatham_CoSW\Utility_Service_Area_Polygon.shp" "Z:\Innovation Infrastructure\Archived_QAQC\Chatham_CoSW\03-19-050_Chatham_Co_SW_Utility_Service_Area_Polygon.shp" ShapeFile</Process></lineage></DataProperties></Esri></metadata>
