<metadata xml:lang="en"><Esri><CreaDate>20191126</CreaDate><CreaTime>10531000</CreaTime><ArcGISFormat>1.0</ArcGISFormat><SyncOnce>FALSE</SyncOnce><DataProperties><lineage><Process Name="Raster to Polygon" ToolSource="c:\program files\arcgis\pro\Resources\ArcToolbox\toolboxes\Conversion Tools.tbx\RasterToPolygon" Date="20191126" Time="105310">RasterToPolygon C:\Temp\Con_EucDist_Rec3.tif C:\Temp\RasterT_Con_Euc3.shp SIMPLIFY Value MULTIPLE_OUTER_PART #</Process><Process Name="Union" ToolSource="c:\program files\arcgis\pro\Resources\ArcToolbox\toolboxes\Analysis Tools.tbx\Union" Date="20191126" Time="105509">Union "C:\Temp\RasterT_Con_Euc3.shp #;nc_wake_parcels_poly_Layer #;nc_wake_parcels_poly_Layer1 #" Z:\Innovations\Shawn-selected\Fix\Fix.gdb\Holly_selpar "All attributes" # GAPS</Process><Process ToolSource="c:\program files\arcgis\pro\Resources\ArcToolbox\toolboxes\Data Management Tools.tbx\UpdateSchema" Date="20191126" Time="110117">UpdateSchema "CIMDATA=&lt;CIMStandardDataConnection xsi:type='typens:CIMStandardDataConnection' xmlns:xsi='http://www.w3.org/2001/XMLSchema-instance' xmlns:xs='http://www.w3.org/2001/XMLSchema' xmlns:typens='http://www.esri.com/schemas/ArcGIS/2.4.0'&gt;&lt;WorkspaceConnectionString&gt;DATABASE=Z:\Innovations\Shawn-selected\Fix\Fix.gdb&lt;/WorkspaceConnectionString&gt;&lt;WorkspaceFactory&gt;FileGDB&lt;/WorkspaceFactory&gt;&lt;Dataset&gt;Holly_selpar&lt;/Dataset&gt;&lt;DatasetType&gt;esriDTFeatureClass&lt;/DatasetType&gt;&lt;/CIMStandardDataConnection&gt;" &lt;operationSequence&gt;&lt;workflow&gt;&lt;DeleteField&gt;&lt;field_name&gt;Id&lt;/field_name&gt;&lt;field_name&gt;gridcode&lt;/field_name&gt;&lt;field_name&gt;FID_nc_wake_parcels_poly&lt;/field_name&gt;&lt;field_name&gt;ALTPARNO&lt;/field_name&gt;&lt;field_name&gt;CNTYFIPS&lt;/field_name&gt;&lt;field_name&gt;CNTYNAME&lt;/field_name&gt;&lt;field_name&gt;GISACRES&lt;/field_name&gt;&lt;field_name&gt;GNISID&lt;/field_name&gt;&lt;field_name&gt;IMPROVVAL&lt;/field_name&gt;&lt;field_name&gt;LANDVAL&lt;/field_name&gt;&lt;field_name&gt;LEGDECFULL&lt;/field_name&gt;&lt;field_name&gt;MADDPREF&lt;/field_name&gt;&lt;field_name&gt;MADDRNO&lt;/field_name&gt;&lt;field_name&gt;MADDSTNAME&lt;/field_name&gt;&lt;field_name&gt;MADDSTR&lt;/field_name&gt;&lt;field_name&gt;MADDSTSUF&lt;/field_name&gt;&lt;field_name&gt;MADDSTTYP&lt;/field_name&gt;&lt;field_name&gt;MAILADD&lt;/field_name&gt;&lt;field_name&gt;MAPREF&lt;/field_name&gt;&lt;field_name&gt;MCITY&lt;/field_name&gt;&lt;field_name&gt;MSTATE&lt;/field_name&gt;&lt;field_name&gt;MULTISTRUC&lt;/field_name&gt;&lt;field_name&gt;MUNIT&lt;/field_name&gt;&lt;field_name&gt;MZIP&lt;/field_name&gt;&lt;field_name&gt;NPARNO&lt;/field_name&gt;&lt;field_name&gt;OWNFRST&lt;/field_name&gt;&lt;field_name&gt;OWNLAST&lt;/field_name&gt;&lt;field_name&gt;OWNNAME&lt;/field_name&gt;&lt;field_name&gt;OWNNAME2&lt;/field_name&gt;&lt;field_name&gt;OWNTYPE&lt;/field_name&gt;&lt;field_name&gt;PARNO&lt;/field_name&gt;&lt;field_name&gt;PARUSECD2&lt;/field_name&gt;&lt;field_name&gt;PARUSECODE&lt;/field_name&gt;&lt;field_name&gt;PARUSEDESC&lt;/field_name&gt;&lt;field_name&gt;PARUSEDSC2&lt;/field_name&gt;&lt;field_name&gt;PARVAL&lt;/field_name&gt;&lt;field_name&gt;PARVALTYPE&lt;/field_name&gt;&lt;field_name&gt;PRESENTVAL&lt;/field_name&gt;&lt;field_name&gt;RECAREANO&lt;/field_name&gt;&lt;field_name&gt;RECAREATX&lt;/field_name&gt;&lt;field_name&gt;REVDATETX&lt;/field_name&gt;&lt;field_name&gt;REVISEDATE&lt;/field_name&gt;&lt;field_name&gt;REVISEYEAR&lt;/field_name&gt;&lt;field_name&gt;SADDNO&lt;/field_name&gt;&lt;field_name&gt;SADDPREF&lt;/field_name&gt;&lt;field_name&gt;SADDSTNAME&lt;/field_name&gt;&lt;field_name&gt;SADDSTR&lt;/field_name&gt;&lt;field_name&gt;SADDSTSUF&lt;/field_name&gt;&lt;field_name&gt;SADDSTTYP&lt;/field_name&gt;&lt;field_name&gt;SALEDATE&lt;/field_name&gt;&lt;field_name&gt;SALEDATETX&lt;/field_name&gt;&lt;field_name&gt;SCITY&lt;/field_name&gt;&lt;field_name&gt;SITEADD&lt;/field_name&gt;&lt;field_name&gt;SOURCEAGNT&lt;/field_name&gt;&lt;field_name&gt;SOURCEDATE&lt;/field_name&gt;&lt;field_name&gt;SOURCEDATX&lt;/field_name&gt;&lt;field_name&gt;SOURCEREF&lt;/field_name&gt;&lt;field_name&gt;SSTATE&lt;/field_name&gt;&lt;field_name&gt;STCNTYFIPS&lt;/field_name&gt;&lt;field_name&gt;STFIPS&lt;/field_name&gt;&lt;field_name&gt;STNAME&lt;/field_name&gt;&lt;field_name&gt;STRUCT&lt;/field_name&gt;&lt;field_name&gt;STRUCTNO&lt;/field_name&gt;&lt;field_name&gt;STRUCTYEAR&lt;/field_name&gt;&lt;field_name&gt;SUBDIVISIO&lt;/field_name&gt;&lt;field_name&gt;SUBOWNTYPE&lt;/field_name&gt;&lt;field_name&gt;SUBSURFOWN&lt;/field_name&gt;&lt;field_name&gt;SUNIT&lt;/field_name&gt;&lt;field_name&gt;SZIP&lt;/field_name&gt;&lt;field_name&gt;TRANSFDATE&lt;/field_name&gt;&lt;field_name&gt;FID_nc_wake_parcels_poly_1&lt;/field_name&gt;&lt;field_name&gt;ALTPARNO_1&lt;/field_name&gt;&lt;field_name&gt;CNTYFIPS_1&lt;/field_name&gt;&lt;field_name&gt;CNTYNAME_1&lt;/field_name&gt;&lt;field_name&gt;GISACRES_1&lt;/field_name&gt;&lt;field_name&gt;GNISID_1&lt;/field_name&gt;&lt;field_name&gt;IMPROVVAL_1&lt;/field_name&gt;&lt;field_name&gt;LANDVAL_1&lt;/field_name&gt;&lt;field_name&gt;LEGDECFULL_1&lt;/field_name&gt;&lt;field_name&gt;MADDPREF_1&lt;/field_name&gt;&lt;field_name&gt;MADDRNO_1&lt;/field_name&gt;&lt;field_name&gt;MADDSTNAME_1&lt;/field_name&gt;&lt;field_name&gt;MADDSTR_1&lt;/field_name&gt;&lt;field_name&gt;MADDSTSUF_1&lt;/field_name&gt;&lt;field_name&gt;MADDSTTYP_1&lt;/field_name&gt;&lt;field_name&gt;MAILADD_1&lt;/field_name&gt;&lt;field_name&gt;MAPREF_1&lt;/field_name&gt;&lt;field_name&gt;MCITY_1&lt;/field_name&gt;&lt;field_name&gt;MSTATE_1&lt;/field_name&gt;&lt;field_name&gt;MULTISTRUC_1&lt;/field_name&gt;&lt;field_name&gt;MUNIT_1&lt;/field_name&gt;&lt;field_name&gt;MZIP_1&lt;/field_name&gt;&lt;field_name&gt;NPARNO_1&lt;/field_name&gt;&lt;field_name&gt;OWNFRST_1&lt;/field_name&gt;&lt;field_name&gt;OWNLAST_1&lt;/field_name&gt;&lt;field_name&gt;OWNNAME_1&lt;/field_name&gt;&lt;field_name&gt;OWNNAME2_1&lt;/field_name&gt;&lt;field_name&gt;OWNTYPE_1&lt;/field_name&gt;&lt;field_name&gt;PARNO_1&lt;/field_name&gt;&lt;field_name&gt;PARUSECD2_1&lt;/field_name&gt;&lt;field_name&gt;PARUSECODE_1&lt;/field_name&gt;&lt;field_name&gt;PARUSEDESC_1&lt;/field_name&gt;&lt;field_name&gt;PARUSEDSC2_1&lt;/field_name&gt;&lt;field_name&gt;PARVAL_1&lt;/field_name&gt;&lt;field_name&gt;PARVALTYPE_1&lt;/field_name&gt;&lt;field_name&gt;PRESENTVAL_1&lt;/field_name&gt;&lt;field_name&gt;RECAREANO_1&lt;/field_name&gt;&lt;field_name&gt;RECAREATX_1&lt;/field_name&gt;&lt;field_name&gt;REVDATETX_1&lt;/field_name&gt;&lt;field_name&gt;REVISEDATE_1&lt;/field_name&gt;&lt;field_name&gt;REVISEYEAR_1&lt;/field_name&gt;&lt;field_name&gt;SADDNO_1&lt;/field_name&gt;&lt;field_name&gt;SADDPREF_1&lt;/field_name&gt;&lt;field_name&gt;SADDSTNAME_1&lt;/field_name&gt;&lt;field_name&gt;SADDSTR_1&lt;/field_name&gt;&lt;field_name&gt;SADDSTSUF_1&lt;/field_name&gt;&lt;field_name&gt;SADDSTTYP_1&lt;/field_name&gt;&lt;field_name&gt;SALEDATE_1&lt;/field_name&gt;&lt;field_name&gt;SALEDATETX_1&lt;/field_name&gt;&lt;field_name&gt;SCITY_1&lt;/field_name&gt;&lt;field_name&gt;SITEADD_1&lt;/field_name&gt;&lt;field_name&gt;SOURCEAGNT_1&lt;/field_name&gt;&lt;field_name&gt;SOURCEDATE_1&lt;/field_name&gt;&lt;field_name&gt;SOURCEDATX_1&lt;/field_name&gt;&lt;field_name&gt;SOURCEREF_1&lt;/field_name&gt;&lt;field_name&gt;SSTATE_1&lt;/field_name&gt;&lt;field_name&gt;STCNTYFIPS_1&lt;/field_name&gt;&lt;field_name&gt;STFIPS_1&lt;/field_name&gt;&lt;field_name&gt;STNAME_1&lt;/field_name&gt;&lt;field_name&gt;STRUCT_1&lt;/field_name&gt;&lt;field_name&gt;STRUCTNO_1&lt;/field_name&gt;&lt;field_name&gt;STRUCTYEAR_1&lt;/field_name&gt;&lt;field_name&gt;SUBDIVISIO_1&lt;/field_name&gt;&lt;field_name&gt;SUBOWNTYPE_1&lt;/field_name&gt;&lt;field_name&gt;SUBSURFOWN_1&lt;/field_name&gt;&lt;field_name&gt;SUNIT_1&lt;/field_name&gt;&lt;field_name&gt;SZIP_1&lt;/field_name&gt;&lt;field_name&gt;TRANSFDATE_1&lt;/field_name&gt;&lt;/DeleteField&gt;&lt;/workflow&gt;&lt;/operationSequence&gt;</Process><Process ToolSource="c:\program files\arcgis\pro\Resources\ArcToolbox\toolboxes\Data Management Tools.tbx\UpdateSchema" Date="20191126" Time="110249">UpdateSchema "CIMDATA=&lt;CIMStandardDataConnection xsi:type='typens:CIMStandardDataConnection' xmlns:xsi='http://www.w3.org/2001/XMLSchema-instance' xmlns:xs='http://www.w3.org/2001/XMLSchema' xmlns:typens='http://www.esri.com/schemas/ArcGIS/2.4.0'&gt;&lt;WorkspaceConnectionString&gt;DATABASE=Z:\Innovations\Shawn-selected\Fix\Fix.gdb&lt;/WorkspaceConnectionString&gt;&lt;WorkspaceFactory&gt;FileGDB&lt;/WorkspaceFactory&gt;&lt;Dataset&gt;Holly_selpar&lt;/Dataset&gt;&lt;DatasetType&gt;esriDTFeatureClass&lt;/DatasetType&gt;&lt;/CIMStandardDataConnection&gt;" &lt;operationSequence&gt;&lt;workflow&gt;&lt;DeleteField&gt;&lt;field_name&gt;FID_RasterT_Con_Euc3&lt;/field_name&gt;&lt;/DeleteField&gt;&lt;/workflow&gt;&lt;/operationSequence&gt;</Process><Process Name="Add Fields (multiple)" ToolSource="c:\program files\arcgis\pro\Resources\ArcToolbox\toolboxes\Data Management Tools.tbx\AddFields" Date="20191126" Time="110940">AddFields Holly_selpar "PWSID TEXT # 255 # #;SystemName TEXT # 255 # #;SourceType TEXT # 255 # #;AreaType TEXT # 255 # #;County TEXT # 255 # #"</Process><Process Name="Calculate Fields (multiple)" ToolSource="c:\program files\arcgis\pro\Resources\ArcToolbox\toolboxes\Data Management Tools.tbx\CalculateFields" Date="20191126" Time="110949">CalculateFields Holly_selpar PYTHON3 "PWSID '"03-92-050"';SystemName '"Holly Springs, Town Of"';SourceType '"Water_Lines"';AreaType '"Water_Line_Adjacent_Parcels"';County '"Wake"'" #</Process><Process ToolSource="c:\program files\arcgis\pro\Resources\ArcToolbox\toolboxes\Conversion Tools.tbx\FeatureClassToFeatureClass" Date="20191126" Time="111249">FeatureClassToFeatureClass Z:\Innovations\Shawn-selected\Fix\Fix.gdb\Holly_selpar Z:\Innovations\Shawn-selected\03-92-050_Holly_Springs 03-92-050_Holly_Springs_Water_Service_Area.shp # "Shape_Leng "Shape_Length" false true true 8 Double 0 0,First,#,Z:\Innovations\Shawn-selected\Fix\Fix.gdb\Holly_selpar,Shape_Length,-1,-1;Shape_Area "Shape_Area" false true true 8 Double 0 0,First,#,Z:\Innovations\Shawn-selected\Fix\Fix.gdb\Holly_selpar,Shape_Area,-1,-1;PWSID "PWSID" true true false 255 Text 0 0,First,#,Z:\Innovations\Shawn-selected\Fix\Fix.gdb\Holly_selpar,PWSID,0,255;SystemName "SystemName" true true false 255 Text 0 0,First,#,Z:\Innovations\Shawn-selected\Fix\Fix.gdb\Holly_selpar,SystemName,0,255;SourceType "SourceType" true true false 255 Text 0 0,First,#,Z:\Innovations\Shawn-selected\Fix\Fix.gdb\Holly_selpar,SourceType,0,255;AreaType "AreaType" true true false 255 Text 0 0,First,#,Z:\Innovations\Shawn-selected\Fix\Fix.gdb\Holly_selpar,AreaType,0,255;County "County" true true false 255 Text 0 0,First,#,Z:\Innovations\Shawn-selected\Fix\Fix.gdb\Holly_selpar,County,0,255" #</Process><Process ToolSource="c:\program files\arcgis\pro\Resources\ArcToolbox\toolboxes\Analysis Tools.tbx\Erase" Date="20200225" Time="104419">Erase 03-92-050_Holly_Springs_Water_Service_Area HollySprings_Remove C:\Users\wg64\Desktop\Reconciliation\03-92-050_Holly_Springs_Water_Service_Area.shp #</Process></lineage><itemProps><itemName Sync="TRUE">03-92-050_Holly_Springs_Water_Service_Area</itemName><imsContentType Sync="TRUE">002</imsContentType><itemLocation><linkage Sync="TRUE">file://\\NS-A153-20\C$\Users\wg64\Desktop\Reconciliation\03-92-050_Holly_Springs_Water_Service_Area.shp</linkage><protocol Sync="TRUE">Local Area Network</protocol></itemLocation><itemSize Sync="TRUE">0.000</itemSize></itemProps><coordRef><type Sync="TRUE">Projected</type><geogcsn Sync="TRUE">GCS_North_American_1983</geogcsn><csUnits Sync="TRUE">Linear Unit: Foot_US (0.304801)</csUnits><projcsn Sync="TRUE">NAD_1983_StatePlane_North_Carolina_FIPS_3200_Feet</projcsn><peXml Sync="TRUE">&lt;ProjectedCoordinateSystem xsi:type='typens:ProjectedCoordinateSystem' xmlns:xsi='http://www.w3.org/2001/XMLSchema-instance' xmlns:xs='http://www.w3.org/2001/XMLSchema' xmlns:typens='http://www.esri.com/schemas/ArcGIS/2.4.0'&gt;&lt;WKT&gt;PROJCS[&amp;quot;NAD_1983_StatePlane_North_Carolina_FIPS_3200_Feet&amp;quot;,GEOGCS[&amp;quot;GCS_North_American_1983&amp;quot;,DATUM[&amp;quot;D_North_American_1983&amp;quot;,SPHEROID[&amp;quot;GRS_1980&amp;quot;,6378137.0,298.257222101]],PRIMEM[&amp;quot;Greenwich&amp;quot;,0.0],UNIT[&amp;quot;Degree&amp;quot;,0.0174532925199433]],PROJECTION[&amp;quot;Lambert_Conformal_Conic&amp;quot;],PARAMETER[&amp;quot;False_Easting&amp;quot;,2000000.002616666],PARAMETER[&amp;quot;False_Northing&amp;quot;,0.0],PARAMETER[&amp;quot;Central_Meridian&amp;quot;,-79.0],PARAMETER[&amp;quot;Standard_Parallel_1&amp;quot;,34.33333333333334],PARAMETER[&amp;quot;Standard_Parallel_2&amp;quot;,36.16666666666666],PARAMETER[&amp;quot;Latitude_Of_Origin&amp;quot;,33.75],UNIT[&amp;quot;Foot_US&amp;quot;,0.3048006096012192],AUTHORITY[&amp;quot;EPSG&amp;quot;,2264]]&lt;/WKT&gt;&lt;XOrigin&gt;-121841900&lt;/XOrigin&gt;&lt;YOrigin&gt;-93659000&lt;/YOrigin&gt;&lt;XYScale&gt;36365718.124241434&lt;/XYScale&gt;&lt;ZOrigin&gt;-100000&lt;/ZOrigin&gt;&lt;ZScale&gt;10000&lt;/ZScale&gt;&lt;MOrigin&gt;-100000&lt;/MOrigin&gt;&lt;MScale&gt;10000&lt;/MScale&gt;&lt;XYTolerance&gt;0.0032808333333333331&lt;/XYTolerance&gt;&lt;ZTolerance&gt;0.001&lt;/ZTolerance&gt;&lt;MTolerance&gt;0.001&lt;/MTolerance&gt;&lt;HighPrecision&gt;true&lt;/HighPrecision&gt;&lt;WKID&gt;102719&lt;/WKID&gt;&lt;LatestWKID&gt;2264&lt;/LatestWKID&gt;&lt;/ProjectedCoordinateSystem&gt;</peXml></coordRef></DataProperties><SyncDate>20200225</SyncDate><SyncTime>10441900</SyncTime><ModDate>20200225</ModDate><ModTime>10441900</ModTime></Esri><dataIdInfo><envirDesc Sync="TRUE">Microsoft Windows 10 Version 10.0 (Build 17763) ; Esri ArcGIS 12.4.2.19948</envirDesc><dataLang><languageCode value="eng" Sync="TRUE"></languageCode><countryCode value="USA" Sync="TRUE"></countryCode></dataLang><idCitation><resTitle Sync="TRUE">03-92-050_Holly_Springs_Water_Service_Area</resTitle><presForm><PresFormCd value="005" Sync="TRUE"></PresFormCd></presForm></idCitation><spatRpType><SpatRepTypCd value="001" Sync="TRUE"></SpatRepTypCd></spatRpType></dataIdInfo><mdLang><languageCode value="eng" Sync="TRUE"></languageCode><countryCode value="USA" Sync="TRUE"></countryCode></mdLang><distInfo><distFormat><formatName Sync="TRUE">Shapefile</formatName></distFormat><distTranOps><transSize Sync="TRUE">0.000</transSize></distTranOps></distInfo><mdHrLv><ScopeCd value="005" Sync="TRUE"></ScopeCd></mdHrLv><mdHrLvName Sync="TRUE">dataset</mdHrLvName><refSysInfo><RefSystem><refSysID><identCode code="2264" Sync="TRUE"></identCode><idCodeSpace Sync="TRUE">EPSG</idCodeSpace><idVersion Sync="TRUE">6.12(9.0.0)</idVersion></refSysID></RefSystem></refSysInfo><spatRepInfo><VectSpatRep><geometObjs Name="03-92-050_Holly_Springs_Water_Service_Area"><geoObjTyp><GeoObjTypCd value="002" Sync="TRUE"></GeoObjTypCd></geoObjTyp><geoObjCnt Sync="TRUE">0</geoObjCnt></geometObjs><topLvl><TopoLevCd value="001" Sync="TRUE"></TopoLevCd></topLvl></VectSpatRep></spatRepInfo><spdoinfo><ptvctinf><esriterm Name="03-92-050_Holly_Springs_Water_Service_Area"><efeatyp Sync="TRUE">Simple</efeatyp><efeageom code="4" Sync="TRUE"></efeageom><esritopo Sync="TRUE">FALSE</esritopo><efeacnt Sync="TRUE">0</efeacnt><spindex Sync="TRUE">FALSE</spindex><linrefer Sync="TRUE">FALSE</linrefer></esriterm></ptvctinf></spdoinfo><eainfo><detailed Name="03-92-050_Holly_Springs_Water_Service_Area"><enttyp><enttypl Sync="TRUE">03-92-050_Holly_Springs_Water_Service_Area</enttypl><enttypt Sync="TRUE">Feature Class</enttypt><enttypc Sync="TRUE">0</enttypc></enttyp><attr><attrlabl Sync="TRUE">FID</attrlabl><attalias Sync="TRUE">FID</attalias><attrtype Sync="TRUE">OID</attrtype><attwidth Sync="TRUE">4</attwidth><atprecis Sync="TRUE">0</atprecis><attscale Sync="TRUE">0</attscale><attrdef Sync="TRUE">Internal feature number.</attrdef><attrdefs Sync="TRUE">Esri</attrdefs><attrdomv><udom Sync="TRUE">Sequential unique whole numbers that are automatically generated.</udom></attrdomv></attr><attr><attrlabl Sync="TRUE">Shape</attrlabl><attalias Sync="TRUE">Shape</attalias><attrtype Sync="TRUE">Geometry</attrtype><attwidth Sync="TRUE">0</attwidth><atprecis Sync="TRUE">0</atprecis><attscale Sync="TRUE">0</attscale><attrdef Sync="TRUE">Feature geometry.</attrdef><attrdefs Sync="TRUE">Esri</attrdefs><attrdomv><udom Sync="TRUE">Coordinates defining the features.</udom></attrdomv></attr><attr><attrlabl Sync="TRUE">Shape_Leng</attrlabl><attalias Sync="TRUE">Shape_Leng</attalias><attrtype Sync="TRUE">Double</attrtype><attwidth Sync="TRUE">19</attwidth><atprecis Sync="TRUE">0</atprecis><attscale Sync="TRUE">0</attscale></attr><attr><attrlabl Sync="TRUE">Shape_Area</attrlabl><attalias Sync="TRUE">Shape_Area</attalias><attrtype Sync="TRUE">Double</attrtype><attwidth Sync="TRUE">19</attwidth><atprecis Sync="TRUE">0</atprecis><attscale Sync="TRUE">0</attscale><attrdef Sync="TRUE">Area of feature in internal units squared.</attrdef><attrdefs Sync="TRUE">Esri</attrdefs><attrdomv><udom Sync="TRUE">Positive real numbers that are automatically generated.</udom></attrdomv></attr><attr><attrlabl Sync="TRUE">PWSID</attrlabl><attalias Sync="TRUE">PWSID</attalias><attrtype Sync="TRUE">String</attrtype><attwidth Sync="TRUE">254</attwidth><atprecis Sync="TRUE">0</atprecis><attscale Sync="TRUE">0</attscale></attr><attr><attrlabl Sync="TRUE">SystemName</attrlabl><attalias Sync="TRUE">SystemName</attalias><attrtype Sync="TRUE">String</attrtype><attwidth Sync="TRUE">254</attwidth><atprecis Sync="TRUE">0</atprecis><attscale Sync="TRUE">0</attscale></attr><attr><attrlabl Sync="TRUE">SourceType</attrlabl><attalias Sync="TRUE">SourceType</attalias><attrtype Sync="TRUE">String</attrtype><attwidth Sync="TRUE">254</attwidth><atprecis Sync="TRUE">0</atprecis><attscale Sync="TRUE">0</attscale></attr><attr><attrlabl Sync="TRUE">AreaType</attrlabl><attalias Sync="TRUE">AreaType</attalias><attrtype Sync="TRUE">String</attrtype><attwidth Sync="TRUE">254</attwidth><atprecis Sync="TRUE">0</atprecis><attscale Sync="TRUE">0</attscale></attr><attr><attrlabl Sync="TRUE">County</attrlabl><attalias Sync="TRUE">County</attalias><attrtype Sync="TRUE">String</attrtype><attwidth Sync="TRUE">254</attwidth><atprecis Sync="TRUE">0</atprecis><attscale Sync="TRUE">0</attscale></attr></detailed></eainfo><mdDateSt Sync="TRUE">20200225</mdDateSt></metadata>
