<?xml version="1.0" encoding="UTF-8"?>
<metadata xml:lang="en"><Esri><CreaDate>20190409</CreaDate><CreaTime>17403300</CreaTime><ArcGISFormat>1.0</ArcGISFormat><SyncOnce>TRUE</SyncOnce><DataProperties><lineage><Process ToolSource="c:\program files\arcgis\pro\Resources\ArcToolbox\toolboxes\Data Management Tools.tbx\CreateFeatureclass" Date="20190409" Time="174033">CreateFeatureclass Z:\NC_Service_Map\408015_Aulander Aulander_Service_Area_Extent Polygon # No No "PROJCS['NAD_1983_StatePlane_North_Carolina_FIPS_3200_Feet',GEOGCS['GCS_North_American_1983',DATUM['D_North_American_1983',SPHEROID['GRS_1980',6378137.0,298.257222101]],PRIMEM['Greenwich',0.0],UNIT['Degree',0.0174532925199433]],PROJECTION['Lambert_Conformal_Conic'],PARAMETER['False_Easting',2000000.002616666],PARAMETER['False_Northing',0.0],PARAMETER['Central_Meridian',-79.0],PARAMETER['Standard_Parallel_1',34.33333333333334],PARAMETER['Standard_Parallel_2',36.16666666666666],PARAMETER['Latitude_Of_Origin',33.75],UNIT['Foot_US',0.3048006096012192]];-121841900 -93659000 3048.00609601219;#;#;3.28083333333333E-03;#;#;IsHighPrecision" # 0 0 0 #</Process><Process Name="Add Fields (multiple)" ToolSource="c:\program files\arcgis\pro\Resources\ArcToolbox\toolboxes\Data Management Tools.tbx\AddFields" Date="20190414" Time="115455">AddFields Aulander_Service_Area_Extent "PWSID LONG # # #;SystemName TEXT 'Utility Name' 255 #;SourceType TEXT # 255 #;AreaType TEXT # 255 #"</Process><Process Name="Calculate Fields (multiple)" ToolSource="c:\program files\arcgis\pro\Resources\ArcToolbox\toolboxes\Data Management Tools.tbx\CalculateFields" Date="20190414" Time="115455">CalculateFields Aulander_Service_Area_Extent "Python 3" "PWSID 408015;SystemName '"Aulander"';SourceType '"Water_Lines"';AreaType '"Service_Area_Extent"'" #</Process><Process ToolSource="c:\program files\arcgis\pro\Resources\ArcToolbox\toolboxes\Data Management Tools.tbx\DeleteField" Date="20191211" Time="164404">DeleteField Aulander_Service_Area_Extent PWSID;SystemName;SourceType;AreaType</Process><Process Name="Add Fields (multiple)" ToolSource="c:\program files\arcgis\pro\Resources\ArcToolbox\toolboxes\Data Management Tools.tbx\AddFields" Date="20191211" Time="164530">AddFields Aulander_Service_Area_Extent "PWSID TEXT # 255 # #;SystemName TEXT # 255 # #;SourceType TEXT # 255 # #;AreaType TEXT # 255 # #;County TEXT # 255 # #"</Process><Process Name="Calculate Fields (multiple)" ToolSource="c:\program files\arcgis\pro\Resources\ArcToolbox\toolboxes\Data Management Tools.tbx\CalculateFields" Date="20191211" Time="164531">CalculateFields Aulander_Service_Area_Extent PYTHON3 "PWSID '"04-08-015"';SystemName '"Aulander_Town_Of"';SourceType '"Water_Lines"';AreaType '"Service_Area_Extent"';County '"Bertie"'" #</Process><Process ToolSource="c:\program files\arcgis\pro\Resources\ArcToolbox\toolboxes\Data Management Tools.tbx\DeleteField" Date="20191211" Time="164546">DeleteField Aulander_Service_Area_Extent Id</Process><Process ToolSource="c:\program files\arcgis\pro\Resources\ArcToolbox\toolboxes\Data Management Tools.tbx\Rename" Date="20191211" Time="164559">Rename "Z:\Innovation Infrastructure\Archived_QAQC\Aulander\Aulander_Service_Area_Extent.shp" "Z:\Innovation Infrastructure\Archived_QAQC\Aulander\04-08-015_Aulander_Service_Area_Extent.shp" ShapeFile</Process></lineage></DataProperties></Esri></metadata>
