<?xml version="1.0" encoding="UTF-8"?>
<metadata xml:lang="en"><Esri><CreaDate>20190416</CreaDate><CreaTime>17004700</CreaTime><ArcGISFormat>1.0</ArcGISFormat><SyncOnce>TRUE</SyncOnce><DataProperties><lineage><Process ToolSource="c:\program files\arcgis\pro\Resources\ArcToolbox\toolboxes\Conversion Tools.tbx\RasterToPolygon" Date="20190416" Time="170047">RasterToPolygon fair_bluff_reclass_rectified.tif "Z:\MAPS\not done\424030_Fair_Bluff\MyProject\fair_bluff_service_area_extent.shp" SIMPLIFY Value SINGLE_OUTER_PART #</Process><Process ToolSource="c:\program files\arcgis\pro\Resources\ArcToolbox\toolboxes\Data Management Tools.tbx\DeleteField" Date="20191210" Time="140039">DeleteField fair_bluff_service_area_extent gridcode</Process><Process Name="Add Fields (multiple)" ToolSource="c:\program files\arcgis\pro\Resources\ArcToolbox\toolboxes\Data Management Tools.tbx\AddFields" Date="20191210" Time="140236">AddFields fair_bluff_service_area_extent "PWSID TEXT # 255 # #;SystemName TEXT # 255 # #;SourceType TEXT # 255 # #;AreaType TEXT # 255 # #;County TEXT # 255 # #"</Process><Process Name="Calculate Fields (multiple)" ToolSource="c:\program files\arcgis\pro\Resources\ArcToolbox\toolboxes\Data Management Tools.tbx\CalculateFields" Date="20191210" Time="140236">CalculateFields fair_bluff_service_area_extent PYTHON3 "PWSID '"04-24-030"';SystemName '"Fair_Bluff_Town_Of"';SourceType '"Service_Area"';AreaType '"Service_Area_Extent"';County '"Columbus"'" #</Process><Process ToolSource="c:\program files\arcgis\pro\Resources\ArcToolbox\toolboxes\Data Management Tools.tbx\DeleteField" Date="20191210" Time="140240">DeleteField fair_bluff_service_area_extent Id</Process><Process ToolSource="c:\program files\arcgis\pro\Resources\ArcToolbox\toolboxes\Data Management Tools.tbx\Rename" Date="20191210" Time="140427">Rename "Z:\Innovation Infrastructure\Archived_QAQC\FairBluff\fair_bluff_service_area_extent.shp" "Z:\Innovation Infrastructure\Archived_QAQC\FairBluff\04-24-030_FairBluff_Service_Area_Extent.shp" ShapeFile</Process></lineage></DataProperties></Esri></metadata>
