<?xml version="1.0" encoding="UTF-8"?>
<metadata xml:lang="en"><Esri><CreaDate>20191017</CreaDate><CreaTime>16545200</CreaTime><ArcGISFormat>1.0</ArcGISFormat><SyncOnce>TRUE</SyncOnce><DataProperties><lineage><Process ToolSource="c:\program files\arcgis\pro\Resources\ArcToolbox\toolboxes\Data Management Tools.tbx\CreateFeatureclass" Date="20191017" Time="165452">CreateFeatureclass C:\Users\car73\Desktop\04-33-020_Macclesfield_Town_of 04-33-020_Macclesfield_Town_of_Water_Service_Area Polygon # No No # # 0 0 0 #</Process><Process Name="Add Fields (multiple)" ToolSource="c:\program files\arcgis\pro\Resources\ArcToolbox\toolboxes\Data Management Tools.tbx\AddFields" Date="20191017" Time="165936">AddFields 04-33-020_Macclesfield_Town_of_Water_Service_Area "PWSID TEXT # 255 # #;SystemName TEXT # 255 # #;SourceType TEXT # 255 # #;AreaType TEXT # 255 # #;County TEXT # 255 # #"</Process><Process Name="Calculate Fields (multiple)" ToolSource="c:\program files\arcgis\pro\Resources\ArcToolbox\toolboxes\Data Management Tools.tbx\CalculateFields" Date="20191017" Time="165936">CalculateFields 04-33-020_Macclesfield_Town_of_Water_Service_Area PYTHON3 "PWSID '"04-33-020"';SystemName '"Macclesfield_Town_of"';SourceType '"Service_Area"';AreaType '"Service_Area_Extent"';County '"Edgecombe"'" #</Process></lineage></DataProperties></Esri></metadata>
