<?xml version="1.0" encoding="UTF-8"?>
<metadata xml:lang="en"><Esri><CreaDate>20190416</CreaDate><CreaTime>15343300</CreaTime><ArcGISFormat>1.0</ArcGISFormat><SyncOnce>TRUE</SyncOnce><DataProperties><lineage><Process ToolSource="c:\program files\arcgis\pro\Resources\ArcToolbox\toolboxes\Data Management Tools.tbx\CreateFeatureclass" Date="20190416" Time="153433">CreateFeatureclass Z:\NC_Service_Map\0442010_Roanoke_Rapids\0442010_Roanoke_Rapids Roanoke_Rapids_Service_Area_Polygon Polygon # No No "PROJCS['NAD_1983_StatePlane_North_Carolina_FIPS_3200_Feet',GEOGCS['GCS_North_American_1983',DATUM['D_North_American_1983',SPHEROID['GRS_1980',6378137.0,298.257222101]],PRIMEM['Greenwich',0.0],UNIT['Degree',0.0174532925199433]],PROJECTION['Lambert_Conformal_Conic'],PARAMETER['False_Easting',2000000.002616666],PARAMETER['False_Northing',0.0],PARAMETER['Central_Meridian',-79.0],PARAMETER['Standard_Parallel_1',34.33333333333334],PARAMETER['Standard_Parallel_2',36.16666666666666],PARAMETER['Latitude_Of_Origin',33.75],UNIT['Foot_US',0.3048006096012192]];-121841900 -93659000 36365718.1242414;-100000 3048.00609601219;-100000 10000;3.28083333333333E-03;3.28083333333333E-03;0.001;IsHighPrecision" # 0 0 0 #</Process><Process Name="Add Fields (multiple)" ToolSource="c:\program files\arcgis\pro\Resources\ArcToolbox\toolboxes\Data Management Tools.tbx\AddFields" Date="20190416" Time="153642">AddFields Roanoke_Rapids_Service_Area_Polygon "PWSID LONG # # #;SystemName TEXT 'Utility Name' 255 #;SourceType TEXT # 255 #;AreaType TEXT # 255 #"</Process><Process Name="Calculate Fields (multiple)" ToolSource="c:\program files\arcgis\pro\Resources\ArcToolbox\toolboxes\Data Management Tools.tbx\CalculateFields" Date="20190416" Time="153642">CalculateFields Roanoke_Rapids_Service_Area_Polygon "Python 3" "PWSID '"0442010"';SystemName #;SourceType #;AreaType #" #</Process><Process ToolSource="c:\program files\arcgis\pro\Resources\ArcToolbox\toolboxes\Data Management Tools.tbx\DeleteField" Date="20191210" Time="144027">DeleteField Roanoke_Rapids_Service_Area_Polygon PWSID;SystemName;SourceType;AreaType</Process><Process Name="Add Fields (multiple)" ToolSource="c:\program files\arcgis\pro\Resources\ArcToolbox\toolboxes\Data Management Tools.tbx\AddFields" Date="20191210" Time="144346">AddFields Roanoke_Rapids_Service_Area_Polygon "PWSID TEXT # 255 # #;SystemName TEXT # 255 # #;SourceType TEXT # 255 # #;AreaType TEXT # 255 # #;County TEXT # 255 # #"</Process><Process Name="Calculate Fields (multiple)" ToolSource="c:\program files\arcgis\pro\Resources\ArcToolbox\toolboxes\Data Management Tools.tbx\CalculateFields" Date="20191210" Time="144347">CalculateFields Roanoke_Rapids_Service_Area_Polygon PYTHON3 "PWSID '"04-42-010"';SystemName '"Roanoke_Rapids_Sanitary_District"';SourceType '"Service_Area"';AreaType '"Service_Area_Extent"c';County '"Halifax"'" #</Process><Process ToolSource="c:\program files\arcgis\pro\Resources\ArcToolbox\toolboxes\Data Management Tools.tbx\DeleteField" Date="20191210" Time="144443">DeleteField Roanoke_Rapids_Service_Area_Polygon PWSID;SystemName;SourceType;AreaType;County</Process><Process Name="Add Fields (multiple)" ToolSource="c:\program files\arcgis\pro\Resources\ArcToolbox\toolboxes\Data Management Tools.tbx\AddFields" Date="20191210" Time="144456">AddFields Roanoke_Rapids_Service_Area_Polygon "PWSID TEXT # 255 # #;SystemName TEXT # 255 # #;SourceType TEXT # 255 # #;AreaType TEXT # 255 # #;County TEXT # 255 # #"</Process><Process Name="Calculate Fields (multiple)" ToolSource="c:\program files\arcgis\pro\Resources\ArcToolbox\toolboxes\Data Management Tools.tbx\CalculateFields" Date="20191210" Time="144457">CalculateFields Roanoke_Rapids_Service_Area_Polygon PYTHON3 "PWSID '"04-42-010"';SystemName '"Roanoke_Rapids_Sanitary_District"';SourceType '"Service_Area"';AreaType '"Service_Area_Extent"c';County '"Halifax"'" #</Process><Process ToolSource="c:\program files\arcgis\pro\Resources\ArcToolbox\toolboxes\Data Management Tools.tbx\DeleteField" Date="20191210" Time="144528">DeleteField Roanoke_Rapids_Service_Area_Polygon Id</Process><Process ToolSource="c:\program files\arcgis\pro\Resources\ArcToolbox\toolboxes\Data Management Tools.tbx\Rename" Date="20191210" Time="144626">Rename "Z:\Innovation Infrastructure\Archived_QAQC\Roanoke\Roanoke_Rapids_Service_Area_Polygon.shp" "Z:\Innovation Infrastructure\Archived_QAQC\Roanoke\04-42-010_Roanoke_Rapids_Service_Area_Polygon.shp" ShapeFile</Process></lineage></DataProperties></Esri></metadata>
