<?xml version="1.0" encoding="UTF-8"?>
<metadata xml:lang="en"><Esri><CreaDate>20190414</CreaDate><CreaTime>13312500</CreaTime><ArcGISFormat>1.0</ArcGISFormat><SyncOnce>TRUE</SyncOnce><DataProperties><lineage><Process ToolSource="c:\program files\arcgis\pro\Resources\ArcToolbox\toolboxes\Conversion Tools.tbx\RasterToPolygon" Date="20190414" Time="133125">RasterToPolygon hookerton_reclass_rectified.tif "P:\MAPS\not done\440020_Hookerton\hookerton\hookerton_service_area_polygon.shp" SIMPLIFY Value SINGLE_OUTER_PART #</Process><Process Name="Add Fields (multiple)" ToolSource="c:\program files\arcgis\pro\Resources\ArcToolbox\toolboxes\Data Management Tools.tbx\AddFields" Date="20190414" Time="133225">AddFields hookerton_service_area_polygon "PWSID LONG # # #;SystemName TEXT 'Utility Name' 255 #;SourceType TEXT # 255 #;AreaType TEXT # 255 #"</Process><Process Name="Calculate Fields (multiple)" ToolSource="c:\program files\arcgis\pro\Resources\ArcToolbox\toolboxes\Data Management Tools.tbx\CalculateFields" Date="20190414" Time="133226">CalculateFields hookerton_service_area_polygon "Python 3" "PWSID 440020;SystemName '"Hookerton"';SourceType '"Service Area"';AreaType '"Service Area Extents"'" #</Process><Process ToolSource="c:\program files\arcgis\pro\Resources\ArcToolbox\toolboxes\Data Management Tools.tbx\DeleteField" Date="20191210" Time="152357">DeleteField hookerton_service_area_polygon gridcode;PWSID;SystemName;SourceType;AreaType</Process><Process Name="Add Fields (multiple)" ToolSource="c:\program files\arcgis\pro\Resources\ArcToolbox\toolboxes\Data Management Tools.tbx\AddFields" Date="20191210" Time="152527">AddFields hookerton_service_area_polygon "PWSID TEXT # 255 # #;SystemName TEXT # 255 # #;SourceType TEXT # 255 # #;AreaType TEXT # 255 # #;County TEXT # 255 # #"</Process><Process Name="Calculate Fields (multiple)" ToolSource="c:\program files\arcgis\pro\Resources\ArcToolbox\toolboxes\Data Management Tools.tbx\CalculateFields" Date="20191210" Time="152527">CalculateFields hookerton_service_area_polygon PYTHON3 "PWSID '"04-40-020"';SystemName '"Hookerton_Town_Of"';SourceType '"Service_Area"';AreaType '"Service_Area_Extent"';County '"Greene"'" #</Process><Process ToolSource="c:\program files\arcgis\pro\Resources\ArcToolbox\toolboxes\Data Management Tools.tbx\DeleteField" Date="20191210" Time="152530">DeleteField hookerton_service_area_polygon Id</Process><Process ToolSource="c:\program files\arcgis\pro\Resources\ArcToolbox\toolboxes\Data Management Tools.tbx\Rename" Date="20191210" Time="152548">Rename "Z:\Innovation Infrastructure\Archived_QAQC\Hookerton\hookerton_service_area_polygon.shp" "Z:\Innovation Infrastructure\Archived_QAQC\Hookerton\04-40-020_Hookerton_service_area_polygon.shp" ShapeFile</Process></lineage></DataProperties></Esri></metadata>
