<metadata xml:lang="en"><Esri><CreaDate>20190610</CreaDate><CreaTime>14390300</CreaTime><ArcGISFormat>1.0</ArcGISFormat><SyncOnce>FALSE</SyncOnce><DataProperties><lineage><Process ToolSource="c:\program files\arcgis\pro\Resources\ArcToolbox\toolboxes\Data Management Tools.tbx\CreateFeatureclass" Date="20190610" Time="143903">CreateFeatureclass P:\WaterInfrastructure_NC\June\452015_Pollocksville\Pollocksville\Pollocksville.gdb Pollocksville_Area Polygon # No Yes "PROJCS['NAD_1983_StatePlane_North_Carolina_FIPS_3200_Feet',GEOGCS['GCS_North_American_1983',DATUM['D_North_American_1983',SPHEROID['GRS_1980',6378137.0,298.257222101]],PRIMEM['Greenwich',0.0],UNIT['Degree',0.0174532925199433]],PROJECTION['Lambert_Conformal_Conic'],PARAMETER['False_Easting',2000000.002616666],PARAMETER['False_Northing',0.0],PARAMETER['Central_Meridian',-79.0],PARAMETER['Standard_Parallel_1',34.33333333333334],PARAMETER['Standard_Parallel_2',36.16666666666666],PARAMETER['Latitude_Of_Origin',33.75],UNIT['Foot_US',0.3048006096012192]];-121841900 -93659000 3048.00609601219;-100000 10000;-100000 10000;3.28083333333333E-03;0.001;0.001;IsHighPrecision" # # # # #</Process><Process ToolSource="c:\program files\arcgis\pro\Resources\ArcToolbox\toolboxes\Analysis Tools.tbx\SpatialJoin" Date="20190610" Time="153648">SpatialJoin Pollocksville_Area nc_jones_parcels_poly_2018_10_22 P:\WaterInfrastructure_NC\June\452015_Pollocksville\Pollocksville\Pollockville_Town_of_Water_Service_Extent_2.shp "Join one to one" KEEP_ALL "Shape_Length "Shape_Length" false true true 8 Double 0 0,First,#,Pollocksville_Area,Shape_Length,-1,-1;Shape_Area "Shape_Area" false true true 8 Double 0 0,First,#,Pollocksville_Area,Shape_Area,-1,-1;ALTPARNO "ALTPARNO" true true false 25 Text 0 0,First,#,nc_jones_parcels_poly_2018_10_22,ALTPARNO,0,25;CNTYFIPS "CNTYFIPS" true true false 3 Text 0 0,First,#,nc_jones_parcels_poly_2018_10_22,CNTYFIPS,0,3;CNTYNAME "CNTYNAME" true true false 50 Text 0 0,First,#,nc_jones_parcels_poly_2018_10_22,CNTYNAME,0,50;GISACRES "GISACRES" true true false 19 Double 0 0,First,#,nc_jones_parcels_poly_2018_10_22,GISACRES,-1,-1;GNISID "GNISID" true true false 9 Long 0 9,First,#,nc_jones_parcels_poly_2018_10_22,GNISID,-1,-1;IMPROVVAL "IMPROVVAL" true true false 19 Double 0 0,First,#,nc_jones_parcels_poly_2018_10_22,IMPROVVAL,-1,-1;LANDVAL "LANDVAL" true true false 19 Double 0 0,First,#,nc_jones_parcels_poly_2018_10_22,LANDVAL,-1,-1;LEGDECFULL "LEGDECFULL" true true false 254 Text 0 0,First,#,nc_jones_parcels_poly_2018_10_22,LEGDECFULL,0,254;MADDPREF "MADDPREF" true true false 5 Text 0 0,First,#,nc_jones_parcels_poly_2018_10_22,MADDPREF,0,5;MADDRNO "MADDRNO" true true false 10 Text 0 0,First,#,nc_jones_parcels_poly_2018_10_22,MADDRNO,0,10;MADDSTNAME "MADDSTNAME" true true false 100 Text 0 0,First,#,nc_jones_parcels_poly_2018_10_22,MADDSTNAME,0,100;MADDSTR "MADDSTR" true true false 50 Text 0 0,First,#,nc_jones_parcels_poly_2018_10_22,MADDSTR,0,50;MADDSTSUF "MADDSTSUF" true true false 10 Text 0 0,First,#,nc_jones_parcels_poly_2018_10_22,MADDSTSUF,0,10;MADDSTTYP "MADDSTTYP" true true false 10 Text 0 0,First,#,nc_jones_parcels_poly_2018_10_22,MADDSTTYP,0,10;MAILADD "MAILADD" true true false 200 Text 0 0,First,#,nc_jones_parcels_poly_2018_10_22,MAILADD,0,200;MAPREF "MAPREF" true true false 50 Text 0 0,First,#,nc_jones_parcels_poly_2018_10_22,MAPREF,0,50;MCITY "MCITY" true true false 100 Text 0 0,First,#,nc_jones_parcels_poly_2018_10_22,MCITY,0,100;MSTATE "MSTATE" true true false 2 Text 0 0,First,#,nc_jones_parcels_poly_2018_10_22,MSTATE,0,2;MULTISTRUC "MULTISTRUC" true true false 1 Text 0 0,First,#,nc_jones_parcels_poly_2018_10_22,MULTISTRUC,0,1;MUNIT "MUNIT" true true false 25 Text 0 0,First,#,nc_jones_parcels_poly_2018_10_22,MUNIT,0,25;MZIP "MZIP" true true false 15 Text 0 0,First,#,nc_jones_parcels_poly_2018_10_22,MZIP,0,15;NPARNO "NPARNO" true true false 100 Text 0 0,First,#,nc_jones_parcels_poly_2018_10_22,NPARNO,0,100;OWNFRST "OWNFRST" true true false 100 Text 0 0,First,#,nc_jones_parcels_poly_2018_10_22,OWNFRST,0,100;OWNLAST "OWNLAST" true true false 100 Text 0 0,First,#,nc_jones_parcels_poly_2018_10_22,OWNLAST,0,100;OWNNAME "OWNNAME" true true false 200 Text 0 0,First,#,nc_jones_parcels_poly_2018_10_22,OWNNAME,0,200;OWNNAME2 "OWNNAME2" true true false 200 Text 0 0,First,#,nc_jones_parcels_poly_2018_10_22,OWNNAME2,0,200;OWNTYPE "OWNTYPE" true true false 50 Text 0 0,First,#,nc_jones_parcels_poly_2018_10_22,OWNTYPE,0,50;PARNO "PARNO" true true false 100 Text 0 0,First,#,nc_jones_parcels_poly_2018_10_22,PARNO,0,100;PARUSECD2 "PARUSECD2" true true false 25 Text 0 0,First,#,nc_jones_parcels_poly_2018_10_22,PARUSECD2,0,25;PARUSECODE "PARUSECODE" true true false 50 Text 0 0,First,#,nc_jones_parcels_poly_2018_10_22,PARUSECODE,0,50;PARUSEDESC "PARUSEDESC" true true false 125 Text 0 0,First,#,nc_jones_parcels_poly_2018_10_22,PARUSEDESC,0,125;PARUSEDSC2 "PARUSEDSC2" true true false 125 Text 0 0,First,#,nc_jones_parcels_poly_2018_10_22,PARUSEDSC2,0,125;PARVAL "PARVAL" true true false 19 Double 0 0,First,#,nc_jones_parcels_poly_2018_10_22,PARVAL,-1,-1;PARVALTYPE "PARVALTYPE" true true false 50 Text 0 0,First,#,nc_jones_parcels_poly_2018_10_22,PARVALTYPE,0,50;PRESENTVAL "PRESENTVAL" true true false 1 Text 0 0,First,#,nc_jones_parcels_poly_2018_10_22,PRESENTVAL,0,1;RECAREANO "RECAREANO" true true false 8 Float 0 0,First,#,nc_jones_parcels_poly_2018_10_22,RECAREANO,-1,-1;RECAREATX "RECAREATX" true true false 25 Text 0 0,First,#,nc_jones_parcels_poly_2018_10_22,RECAREATX,0,25;REVDATETX "REVDATETX" true true false 25 Text 0 0,First,#,nc_jones_parcels_poly_2018_10_22,REVDATETX,0,25;REVISEDATE "REVISEDATE" true true false 8 Date 0 0,First,#,nc_jones_parcels_poly_2018_10_22,REVISEDATE,-1,-1;REVISEYEAR "REVISEYEAR" true true false 25 Text 0 0,First,#,nc_jones_parcels_poly_2018_10_22,REVISEYEAR,0,25;SADDNO "SADDNO" true true false 10 Text 0 0,First,#,nc_jones_parcels_poly_2018_10_22,SADDNO,0,10;SADDPREF "SADDPREF" true true false 5 Text 0 0,First,#,nc_jones_parcels_poly_2018_10_22,SADDPREF,0,5;SADDSTNAME "SADDSTNAME" true true false 100 Text 0 0,First,#,nc_jones_parcels_poly_2018_10_22,SADDSTNAME,0,100;SADDSTR "SADDSTR" true true false 50 Text 0 0,First,#,nc_jones_parcels_poly_2018_10_22,SADDSTR,0,50;SADDSTSUF "SADDSTSUF" true true false 10 Text 0 0,First,#,nc_jones_parcels_poly_2018_10_22,SADDSTSUF,0,10;SADDSTTYP "SADDSTTYP" true true false 10 Text 0 0,First,#,nc_jones_parcels_poly_2018_10_22,SADDSTTYP,0,10;SALEDATE "SALEDATE" true true false 8 Date 0 0,First,#,nc_jones_parcels_poly_2018_10_22,SALEDATE,-1,-1;SALEDATETX "SALEDATETX" true true false 25 Text 0 0,First,#,nc_jones_parcels_poly_2018_10_22,SALEDATETX,0,25;SCITY "SCITY" true true false 100 Text 0 0,First,#,nc_jones_parcels_poly_2018_10_22,SCITY,0,100;SITEADD "SITEADD" true true false 200 Text 0 0,First,#,nc_jones_parcels_poly_2018_10_22,SITEADD,0,200;SOURCEAGNT "SOURCEAGNT" true true false 100 Text 0 0,First,#,nc_jones_parcels_poly_2018_10_22,SOURCEAGNT,0,100;SOURCEDATE "SOURCEDATE" true true false 8 Date 0 0,First,#,nc_jones_parcels_poly_2018_10_22,SOURCEDATE,-1,-1;SOURCEDATX "SOURCEDATX" true true false 25 Text 0 0,First,#,nc_jones_parcels_poly_2018_10_22,SOURCEDATX,0,25;SOURCEREF "SOURCEREF" true true false 50 Text 0 0,First,#,nc_jones_parcels_poly_2018_10_22,SOURCEREF,0,50;SSTATE "SSTATE" true true false 25 Text 0 0,First,#,nc_jones_parcels_poly_2018_10_22,SSTATE,0,25;STCNTYFIPS "STCNTYFIPS" true true false 5 Text 0 0,First,#,nc_jones_parcels_poly_2018_10_22,STCNTYFIPS,0,5;STFIPS "STFIPS" true true false 2 Text 0 0,First,#,nc_jones_parcels_poly_2018_10_22,STFIPS,0,2;STNAME "STNAME" true true false 2 Text 0 0,First,#,nc_jones_parcels_poly_2018_10_22,STNAME,0,2;STRUCT "STRUCT" true true false 1 Text 0 0,First,#,nc_jones_parcels_poly_2018_10_22,STRUCT,0,1;STRUCTNO "STRUCTNO" true true false 5 Long 0 5,First,#,nc_jones_parcels_poly_2018_10_22,STRUCTNO,-1,-1;STRUCTYEAR "STRUCTYEAR" true true false 4 Short 0 4,First,#,nc_jones_parcels_poly_2018_10_22,STRUCTYEAR,-1,-1;SUBDIVISIO "SUBDIVISIO" true true false 50 Text 0 0,First,#,nc_jones_parcels_poly_2018_10_22,SUBDIVISIO,0,50;SUBOWNTYPE "SUBOWNTYPE" true true false 50 Text 0 0,First,#,nc_jones_parcels_poly_2018_10_22,SUBOWNTYPE,0,50;SUBSURFOWN "SUBSURFOWN" true true false 200 Text 0 0,First,#,nc_jones_parcels_poly_2018_10_22,SUBSURFOWN,0,200;SUNIT "SUNIT" true true false 25 Text 0 0,First,#,nc_jones_parcels_poly_2018_10_22,SUNIT,0,25;SZIP "SZIP" true true false 25 Text 0 0,First,#,nc_jones_parcels_poly_2018_10_22,SZIP,0,25;TRANSFDATE "TRANSFDATE" true true false 8 Date 0 0,First,#,nc_jones_parcels_poly_2018_10_22,TRANSFDATE,-1,-1" Intersect # #</Process><Process Name="Add Fields (multiple)" ToolSource="c:\program files\arcgis\pro\Resources\ArcToolbox\toolboxes\Data Management Tools.tbx\AddFields" Date="20190610" Time="154058">AddFields Pollockville_Town_of_Water_Service_Extent_2 "PWSID TEXT # 255 #;SystemName TEXT 'Utility Name' 255 #;SourceType TEXT # 255 #;AreaType TEXT # 255 #;County TEXT # 255 #"</Process><Process Name="Calculate Fields (multiple)" ToolSource="c:\program files\arcgis\pro\Resources\ArcToolbox\toolboxes\Data Management Tools.tbx\CalculateFields" Date="20190610" Time="154058">CalculateFields Pollockville_Town_of_Water_Service_Extent_2 "Python 3" "PWSID '"04-52-015"';SystemName '"Town of Pollocksville"';SourceType '"Service Area"';AreaType '"Source_Area_Extent"';County '"Jones"'" #</Process><Process ToolSource="c:\program files\arcgis\pro\Resources\ArcToolbox\toolboxes\Data Management Tools.tbx\UpdateSchema" Date="20191210" Time="121425">UpdateSchema "CIMDATA=&lt;CIMStandardDataConnection xsi:type='typens:CIMStandardDataConnection' xmlns:xsi='http://www.w3.org/2001/XMLSchema-instance' xmlns:xs='http://www.w3.org/2001/XMLSchema' xmlns:typens='http://www.esri.com/schemas/ArcGIS/2.4.0'&gt;&lt;WorkspaceConnectionString&gt;DATABASE=Z:\Innovation Infrastructure\Archived_QAQC\Pollockville&lt;/WorkspaceConnectionString&gt;&lt;WorkspaceFactory&gt;Shapefile&lt;/WorkspaceFactory&gt;&lt;Dataset&gt;Pollockville_Town_of_Water_Service_Extent_2.shp&lt;/Dataset&gt;&lt;DatasetType&gt;esriDTFeatureClass&lt;/DatasetType&gt;&lt;/CIMStandardDataConnection&gt;" &lt;operationSequence&gt;&lt;workflow&gt;&lt;DeleteField&gt;&lt;field_name&gt;Join_Count&lt;/field_name&gt;&lt;field_name&gt;TARGET_FID&lt;/field_name&gt;&lt;field_name&gt;Shape_Leng&lt;/field_name&gt;&lt;field_name&gt;Shape_Area&lt;/field_name&gt;&lt;field_name&gt;ALTPARNO&lt;/field_name&gt;&lt;field_name&gt;CNTYFIPS&lt;/field_name&gt;&lt;field_name&gt;CNTYNAME&lt;/field_name&gt;&lt;field_name&gt;GISACRES&lt;/field_name&gt;&lt;field_name&gt;GNISID&lt;/field_name&gt;&lt;field_name&gt;IMPROVVAL&lt;/field_name&gt;&lt;field_name&gt;LANDVAL&lt;/field_name&gt;&lt;field_name&gt;LEGDECFULL&lt;/field_name&gt;&lt;field_name&gt;MADDPREF&lt;/field_name&gt;&lt;field_name&gt;MADDRNO&lt;/field_name&gt;&lt;field_name&gt;MADDSTNAME&lt;/field_name&gt;&lt;field_name&gt;MADDSTR&lt;/field_name&gt;&lt;field_name&gt;MADDSTSUF&lt;/field_name&gt;&lt;field_name&gt;MADDSTTYP&lt;/field_name&gt;&lt;field_name&gt;MAILADD&lt;/field_name&gt;&lt;field_name&gt;MAPREF&lt;/field_name&gt;&lt;field_name&gt;MCITY&lt;/field_name&gt;&lt;field_name&gt;MSTATE&lt;/field_name&gt;&lt;field_name&gt;MULTISTRUC&lt;/field_name&gt;&lt;field_name&gt;MUNIT&lt;/field_name&gt;&lt;field_name&gt;MZIP&lt;/field_name&gt;&lt;field_name&gt;NPARNO&lt;/field_name&gt;&lt;field_name&gt;OWNFRST&lt;/field_name&gt;&lt;field_name&gt;OWNLAST&lt;/field_name&gt;&lt;field_name&gt;OWNNAME&lt;/field_name&gt;&lt;field_name&gt;OWNNAME2&lt;/field_name&gt;&lt;field_name&gt;OWNTYPE&lt;/field_name&gt;&lt;field_name&gt;PARNO&lt;/field_name&gt;&lt;field_name&gt;PARUSECD2&lt;/field_name&gt;&lt;field_name&gt;PARUSECODE&lt;/field_name&gt;&lt;field_name&gt;PARUSEDESC&lt;/field_name&gt;&lt;field_name&gt;PARUSEDSC2&lt;/field_name&gt;&lt;field_name&gt;PARVAL&lt;/field_name&gt;&lt;field_name&gt;PARVALTYPE&lt;/field_name&gt;&lt;field_name&gt;PRESENTVAL&lt;/field_name&gt;&lt;field_name&gt;RECAREANO&lt;/field_name&gt;&lt;field_name&gt;RECAREATX&lt;/field_name&gt;&lt;field_name&gt;REVDATETX&lt;/field_name&gt;&lt;field_name&gt;REVISEDATE&lt;/field_name&gt;&lt;field_name&gt;REVISEYEAR&lt;/field_name&gt;&lt;field_name&gt;SADDNO&lt;/field_name&gt;&lt;field_name&gt;SADDPREF&lt;/field_name&gt;&lt;field_name&gt;SADDSTNAME&lt;/field_name&gt;&lt;field_name&gt;SADDSTR&lt;/field_name&gt;&lt;field_name&gt;SADDSTSUF&lt;/field_name&gt;&lt;field_name&gt;SADDSTTYP&lt;/field_name&gt;&lt;field_name&gt;SALEDATE&lt;/field_name&gt;&lt;field_name&gt;SALEDATETX&lt;/field_name&gt;&lt;field_name&gt;SCITY&lt;/field_name&gt;&lt;field_name&gt;SITEADD&lt;/field_name&gt;&lt;field_name&gt;SOURCEAGNT&lt;/field_name&gt;&lt;field_name&gt;SOURCEDATE&lt;/field_name&gt;&lt;field_name&gt;SOURCEDATX&lt;/field_name&gt;&lt;field_name&gt;SOURCEREF&lt;/field_name&gt;&lt;field_name&gt;SSTATE&lt;/field_name&gt;&lt;field_name&gt;STCNTYFIPS&lt;/field_name&gt;&lt;field_name&gt;STFIPS&lt;/field_name&gt;&lt;field_name&gt;STNAME&lt;/field_name&gt;&lt;field_name&gt;STRUCT&lt;/field_name&gt;&lt;field_name&gt;STRUCTNO&lt;/field_name&gt;&lt;field_name&gt;STRUCTYEAR&lt;/field_name&gt;&lt;field_name&gt;SUBDIVISIO&lt;/field_name&gt;&lt;field_name&gt;SUBOWNTYPE&lt;/field_name&gt;&lt;field_name&gt;SUBSURFOWN&lt;/field_name&gt;&lt;field_name&gt;SUNIT&lt;/field_name&gt;&lt;field_name&gt;SZIP&lt;/field_name&gt;&lt;field_name&gt;TRANSFDATE&lt;/field_name&gt;&lt;/DeleteField&gt;&lt;/workflow&gt;&lt;/operationSequence&gt;</Process><Process ToolSource="c:\program files\arcgis\pro\Resources\ArcToolbox\toolboxes\Data Management Tools.tbx\Rename" Date="20191210" Time="121532">Rename "Z:\Innovation Infrastructure\Archived_QAQC\Pollockville\Pollockville_Town_of_Water_Service_Extent_2.shp" "Z:\Innovation Infrastructure\Archived_QAQC\Pollockville\04-40-105_Pollockville_Town_of_Water_Service_Extent.shp" ShapeFile</Process><Process ToolSource="c:\program files\arcgis\pro\Resources\ArcToolbox\toolboxes\Data Management Tools.tbx\Rename" Date="20191210" Time="121602">Rename "Z:\Innovation Infrastructure\Archived_QAQC\Pollockville\04-40-105_Pollockville_Town_of_Water_Service_Extent.shp" "Z:\Innovation Infrastructure\Archived_QAQC\Pollockville\04-40-015_Pollockville_Town_of_Water_Service_Extent.shp" ShapeFile</Process><Process ToolSource="c:\program files\arcgis\pro\Resources\ArcToolbox\toolboxes\Data Management Tools.tbx\Rename" Date="20191210" Time="121612">Rename "Z:\Innovation Infrastructure\Archived_QAQC\Pollockville\04-40-015_Pollockville_Town_of_Water_Service_Extent.shp" "Z:\Innovation Infrastructure\Archived_QAQC\Pollockville\04-52-015_Pollockville_Town_of_Water_Service_Extent.shp" ShapeFile</Process></lineage><itemProps><itemName Sync="TRUE">Pollockville_Town_of_Water_Service_Extent_2</itemName><imsContentType Sync="TRUE">002</imsContentType><itemSize Sync="TRUE">0.000</itemSize><itemLocation><linkage Sync="TRUE">file://\\CX4-FE-NAS01.OIT.DUKE.EDU\users\c\co89\WaterInfrastructure_NC\June\452015_Pollocksville\Pollocksville\Pollockville_Town_of_Water_Service_Extent_2.shp</linkage><protocol Sync="TRUE">Local Area Network</protocol></itemLocation></itemProps><coordRef><type Sync="TRUE">Projected</type><geogcsn Sync="TRUE">GCS_North_American_1983</geogcsn><csUnits Sync="TRUE">Linear Unit: Foot_US (0.304801)</csUnits><projcsn Sync="TRUE">NAD_1983_StatePlane_North_Carolina_FIPS_3200_Feet</projcsn><peXml Sync="TRUE">&lt;ProjectedCoordinateSystem xsi:type='typens:ProjectedCoordinateSystem' xmlns:xsi='http://www.w3.org/2001/XMLSchema-instance' xmlns:xs='http://www.w3.org/2001/XMLSchema' xmlns:typens='http://www.esri.com/schemas/ArcGIS/2.2.0'&gt;&lt;WKT&gt;PROJCS[&amp;quot;NAD_1983_StatePlane_North_Carolina_FIPS_3200_Feet&amp;quot;,GEOGCS[&amp;quot;GCS_North_American_1983&amp;quot;,DATUM[&amp;quot;D_North_American_1983&amp;quot;,SPHEROID[&amp;quot;GRS_1980&amp;quot;,6378137.0,298.257222101]],PRIMEM[&amp;quot;Greenwich&amp;quot;,0.0],UNIT[&amp;quot;Degree&amp;quot;,0.0174532925199433]],PROJECTION[&amp;quot;Lambert_Conformal_Conic&amp;quot;],PARAMETER[&amp;quot;False_Easting&amp;quot;,2000000.002616666],PARAMETER[&amp;quot;False_Northing&amp;quot;,0.0],PARAMETER[&amp;quot;Central_Meridian&amp;quot;,-79.0],PARAMETER[&amp;quot;Standard_Parallel_1&amp;quot;,34.33333333333334],PARAMETER[&amp;quot;Standard_Parallel_2&amp;quot;,36.16666666666666],PARAMETER[&amp;quot;Latitude_Of_Origin&amp;quot;,33.75],UNIT[&amp;quot;Foot_US&amp;quot;,0.3048006096012192],AUTHORITY[&amp;quot;EPSG&amp;quot;,2264]]&lt;/WKT&gt;&lt;XOrigin&gt;-121841900&lt;/XOrigin&gt;&lt;YOrigin&gt;-93659000&lt;/YOrigin&gt;&lt;XYScale&gt;36365718.124241434&lt;/XYScale&gt;&lt;ZOrigin&gt;-100000&lt;/ZOrigin&gt;&lt;ZScale&gt;10000&lt;/ZScale&gt;&lt;MOrigin&gt;-100000&lt;/MOrigin&gt;&lt;MScale&gt;10000&lt;/MScale&gt;&lt;XYTolerance&gt;0.0032808333333333331&lt;/XYTolerance&gt;&lt;ZTolerance&gt;0.001&lt;/ZTolerance&gt;&lt;MTolerance&gt;0.001&lt;/MTolerance&gt;&lt;HighPrecision&gt;true&lt;/HighPrecision&gt;&lt;WKID&gt;102719&lt;/WKID&gt;&lt;LatestWKID&gt;2264&lt;/LatestWKID&gt;&lt;/ProjectedCoordinateSystem&gt;</peXml></coordRef></DataProperties><SyncDate>20190610</SyncDate><SyncTime>15364700</SyncTime><ModDate>20190610</ModDate><ModTime>15364700</ModTime></Esri><dataIdInfo><envirDesc Sync="TRUE">Microsoft Windows 10 Version 10.0 (Build 14393) ; Esri ArcGIS 12.2.1.12813</envirDesc><dataLang><languageCode value="eng" Sync="TRUE"></languageCode><countryCode value="USA" Sync="TRUE"></countryCode></dataLang><idCitation><resTitle Sync="TRUE">Pollockville_Town_of_Water_Service_Extent_2</resTitle><presForm><PresFormCd value="005" Sync="TRUE"></PresFormCd></presForm></idCitation><spatRpType><SpatRepTypCd value="001" Sync="TRUE"></SpatRepTypCd></spatRpType></dataIdInfo><mdLang><languageCode value="eng" Sync="TRUE"></languageCode><countryCode value="USA" Sync="TRUE"></countryCode></mdLang><distInfo><distFormat><formatName Sync="TRUE">Shapefile</formatName></distFormat><distTranOps><transSize Sync="TRUE">0.000</transSize></distTranOps></distInfo><mdHrLv><ScopeCd value="005" Sync="TRUE"></ScopeCd></mdHrLv><mdHrLvName Sync="TRUE">dataset</mdHrLvName><refSysInfo><RefSystem><refSysID><identCode code="2264" Sync="TRUE"></identCode><idCodeSpace Sync="TRUE">EPSG</idCodeSpace><idVersion Sync="TRUE">6.12(9.0.0)</idVersion></refSysID></RefSystem></refSysInfo><spatRepInfo><VectSpatRep><geometObjs Name="Pollockville_Town_of_Water_Service_Extent_2"><geoObjTyp><GeoObjTypCd value="002" Sync="TRUE"></GeoObjTypCd></geoObjTyp><geoObjCnt Sync="TRUE">0</geoObjCnt></geometObjs><topLvl><TopoLevCd value="001" Sync="TRUE"></TopoLevCd></topLvl></VectSpatRep></spatRepInfo><spdoinfo><ptvctinf><esriterm Name="Pollockville_Town_of_Water_Service_Extent_2"><efeatyp Sync="TRUE">Simple</efeatyp><efeageom code="4" Sync="TRUE"></efeageom><esritopo Sync="TRUE">FALSE</esritopo><efeacnt Sync="TRUE">0</efeacnt><spindex Sync="TRUE">FALSE</spindex><linrefer Sync="TRUE">TRUE</linrefer></esriterm></ptvctinf></spdoinfo><eainfo><detailed Name="Pollockville_Town_of_Water_Service_Extent_2"><enttyp><enttypl Sync="TRUE">Pollockville_Town_of_Water_Service_Extent_2</enttypl><enttypt Sync="TRUE">Feature Class</enttypt><enttypc Sync="TRUE">0</enttypc></enttyp><attr><attrlabl Sync="TRUE">FID</attrlabl><attalias Sync="TRUE">FID</attalias><attrtype Sync="TRUE">OID</attrtype><attwidth Sync="TRUE">4</attwidth><atprecis Sync="TRUE">0</atprecis><attscale Sync="TRUE">0</attscale><attrdef Sync="TRUE">Internal feature number.</attrdef><attrdefs Sync="TRUE">Esri</attrdefs><attrdomv><udom Sync="TRUE">Sequential unique whole numbers that are automatically generated.</udom></attrdomv></attr><attr><attrlabl Sync="TRUE">Shape</attrlabl><attalias Sync="TRUE">Shape</attalias><attrtype Sync="TRUE">Geometry</attrtype><attwidth Sync="TRUE">0</attwidth><atprecis Sync="TRUE">0</atprecis><attscale Sync="TRUE">0</attscale><attrdef Sync="TRUE">Feature geometry.</attrdef><attrdefs Sync="TRUE">Esri</attrdefs><attrdomv><udom Sync="TRUE">Coordinates defining the features.</udom></attrdomv></attr><attr><attrlabl Sync="TRUE">Join_Count</attrlabl><attalias Sync="TRUE">Join_Count</attalias><attrtype Sync="TRUE">Integer</attrtype><attwidth Sync="TRUE">10</attwidth><atprecis Sync="TRUE">10</atprecis><attscale Sync="TRUE">0</attscale></attr><attr><attrlabl Sync="TRUE">TARGET_FID</attrlabl><attalias Sync="TRUE">TARGET_FID</attalias><attrtype Sync="TRUE">Integer</attrtype><attwidth Sync="TRUE">10</attwidth><atprecis Sync="TRUE">10</atprecis><attscale Sync="TRUE">0</attscale></attr><attr><attrlabl Sync="TRUE">Shape_Leng</attrlabl><attalias Sync="TRUE">Shape_Leng</attalias><attrtype Sync="TRUE">Double</attrtype><attwidth Sync="TRUE">19</attwidth><atprecis Sync="TRUE">0</atprecis><attscale Sync="TRUE">0</attscale></attr><attr><attrlabl Sync="TRUE">Shape_Area</attrlabl><attalias Sync="TRUE">Shape_Area</attalias><attrtype Sync="TRUE">Double</attrtype><attwidth Sync="TRUE">19</attwidth><atprecis Sync="TRUE">0</atprecis><attscale Sync="TRUE">0</attscale><attrdef Sync="TRUE">Area of feature in internal units squared.</attrdef><attrdefs Sync="TRUE">Esri</attrdefs><attrdomv><udom Sync="TRUE">Positive real numbers that are automatically generated.</udom></attrdomv></attr><attr><attrlabl Sync="TRUE">ALTPARNO</attrlabl><attalias Sync="TRUE">ALTPARNO</attalias><attrtype Sync="TRUE">String</attrtype><attwidth Sync="TRUE">25</attwidth><atprecis Sync="TRUE">0</atprecis><attscale Sync="TRUE">0</attscale></attr><attr><attrlabl Sync="TRUE">CNTYFIPS</attrlabl><attalias Sync="TRUE">CNTYFIPS</attalias><attrtype Sync="TRUE">String</attrtype><attwidth Sync="TRUE">3</attwidth><atprecis Sync="TRUE">0</atprecis><attscale Sync="TRUE">0</attscale></attr><attr><attrlabl Sync="TRUE">CNTYNAME</attrlabl><attalias Sync="TRUE">CNTYNAME</attalias><attrtype Sync="TRUE">String</attrtype><attwidth Sync="TRUE">50</attwidth><atprecis Sync="TRUE">0</atprecis><attscale Sync="TRUE">0</attscale></attr><attr><attrlabl Sync="TRUE">GISACRES</attrlabl><attalias Sync="TRUE">GISACRES</attalias><attrtype Sync="TRUE">Double</attrtype><attwidth Sync="TRUE">19</attwidth><atprecis Sync="TRUE">0</atprecis><attscale Sync="TRUE">0</attscale></attr><attr><attrlabl Sync="TRUE">GNISID</attrlabl><attalias Sync="TRUE">GNISID</attalias><attrtype Sync="TRUE">Integer</attrtype><attwidth Sync="TRUE">9</attwidth><atprecis Sync="TRUE">9</atprecis><attscale Sync="TRUE">0</attscale></attr><attr><attrlabl Sync="TRUE">IMPROVVAL</attrlabl><attalias Sync="TRUE">IMPROVVAL</attalias><attrtype Sync="TRUE">Double</attrtype><attwidth Sync="TRUE">19</attwidth><atprecis Sync="TRUE">0</atprecis><attscale Sync="TRUE">0</attscale></attr><attr><attrlabl Sync="TRUE">LANDVAL</attrlabl><attalias Sync="TRUE">LANDVAL</attalias><attrtype Sync="TRUE">Double</attrtype><attwidth Sync="TRUE">19</attwidth><atprecis Sync="TRUE">0</atprecis><attscale Sync="TRUE">0</attscale></attr><attr><attrlabl Sync="TRUE">LEGDECFULL</attrlabl><attalias Sync="TRUE">LEGDECFULL</attalias><attrtype Sync="TRUE">String</attrtype><attwidth Sync="TRUE">254</attwidth><atprecis Sync="TRUE">0</atprecis><attscale Sync="TRUE">0</attscale></attr><attr><attrlabl Sync="TRUE">MADDPREF</attrlabl><attalias Sync="TRUE">MADDPREF</attalias><attrtype Sync="TRUE">String</attrtype><attwidth Sync="TRUE">5</attwidth><atprecis Sync="TRUE">0</atprecis><attscale Sync="TRUE">0</attscale></attr><attr><attrlabl Sync="TRUE">MADDRNO</attrlabl><attalias Sync="TRUE">MADDRNO</attalias><attrtype Sync="TRUE">String</attrtype><attwidth Sync="TRUE">10</attwidth><atprecis Sync="TRUE">0</atprecis><attscale Sync="TRUE">0</attscale></attr><attr><attrlabl Sync="TRUE">MADDSTNAME</attrlabl><attalias Sync="TRUE">MADDSTNAME</attalias><attrtype Sync="TRUE">String</attrtype><attwidth Sync="TRUE">100</attwidth><atprecis Sync="TRUE">0</atprecis><attscale Sync="TRUE">0</attscale></attr><attr><attrlabl Sync="TRUE">MADDSTR</attrlabl><attalias Sync="TRUE">MADDSTR</attalias><attrtype Sync="TRUE">String</attrtype><attwidth Sync="TRUE">50</attwidth><atprecis Sync="TRUE">0</atprecis><attscale Sync="TRUE">0</attscale></attr><attr><attrlabl Sync="TRUE">MADDSTSUF</attrlabl><attalias Sync="TRUE">MADDSTSUF</attalias><attrtype Sync="TRUE">String</attrtype><attwidth Sync="TRUE">10</attwidth><atprecis Sync="TRUE">0</atprecis><attscale Sync="TRUE">0</attscale></attr><attr><attrlabl Sync="TRUE">MADDSTTYP</attrlabl><attalias Sync="TRUE">MADDSTTYP</attalias><attrtype Sync="TRUE">String</attrtype><attwidth Sync="TRUE">10</attwidth><atprecis Sync="TRUE">0</atprecis><attscale Sync="TRUE">0</attscale></attr><attr><attrlabl Sync="TRUE">MAILADD</attrlabl><attalias Sync="TRUE">MAILADD</attalias><attrtype Sync="TRUE">String</attrtype><attwidth Sync="TRUE">200</attwidth><atprecis Sync="TRUE">0</atprecis><attscale Sync="TRUE">0</attscale></attr><attr><attrlabl Sync="TRUE">MAPREF</attrlabl><attalias Sync="TRUE">MAPREF</attalias><attrtype Sync="TRUE">String</attrtype><attwidth Sync="TRUE">50</attwidth><atprecis Sync="TRUE">0</atprecis><attscale Sync="TRUE">0</attscale></attr><attr><attrlabl Sync="TRUE">MCITY</attrlabl><attalias Sync="TRUE">MCITY</attalias><attrtype Sync="TRUE">String</attrtype><attwidth Sync="TRUE">100</attwidth><atprecis Sync="TRUE">0</atprecis><attscale Sync="TRUE">0</attscale></attr><attr><attrlabl Sync="TRUE">MSTATE</attrlabl><attalias Sync="TRUE">MSTATE</attalias><attrtype Sync="TRUE">String</attrtype><attwidth Sync="TRUE">2</attwidth><atprecis Sync="TRUE">0</atprecis><attscale Sync="TRUE">0</attscale></attr><attr><attrlabl Sync="TRUE">MULTISTRUC</attrlabl><attalias Sync="TRUE">MULTISTRUC</attalias><attrtype Sync="TRUE">String</attrtype><attwidth Sync="TRUE">1</attwidth><atprecis Sync="TRUE">0</atprecis><attscale Sync="TRUE">0</attscale></attr><attr><attrlabl Sync="TRUE">MUNIT</attrlabl><attalias Sync="TRUE">MUNIT</attalias><attrtype Sync="TRUE">String</attrtype><attwidth Sync="TRUE">25</attwidth><atprecis Sync="TRUE">0</atprecis><attscale Sync="TRUE">0</attscale></attr><attr><attrlabl Sync="TRUE">MZIP</attrlabl><attalias Sync="TRUE">MZIP</attalias><attrtype Sync="TRUE">String</attrtype><attwidth Sync="TRUE">15</attwidth><atprecis Sync="TRUE">0</atprecis><attscale Sync="TRUE">0</attscale></attr><attr><attrlabl Sync="TRUE">NPARNO</attrlabl><attalias Sync="TRUE">NPARNO</attalias><attrtype Sync="TRUE">String</attrtype><attwidth Sync="TRUE">100</attwidth><atprecis Sync="TRUE">0</atprecis><attscale Sync="TRUE">0</attscale></attr><attr><attrlabl Sync="TRUE">OWNFRST</attrlabl><attalias Sync="TRUE">OWNFRST</attalias><attrtype Sync="TRUE">String</attrtype><attwidth Sync="TRUE">100</attwidth><atprecis Sync="TRUE">0</atprecis><attscale Sync="TRUE">0</attscale></attr><attr><attrlabl Sync="TRUE">OWNLAST</attrlabl><attalias Sync="TRUE">OWNLAST</attalias><attrtype Sync="TRUE">String</attrtype><attwidth Sync="TRUE">100</attwidth><atprecis Sync="TRUE">0</atprecis><attscale Sync="TRUE">0</attscale></attr><attr><attrlabl Sync="TRUE">OWNNAME</attrlabl><attalias Sync="TRUE">OWNNAME</attalias><attrtype Sync="TRUE">String</attrtype><attwidth Sync="TRUE">200</attwidth><atprecis Sync="TRUE">0</atprecis><attscale Sync="TRUE">0</attscale></attr><attr><attrlabl Sync="TRUE">OWNNAME2</attrlabl><attalias Sync="TRUE">OWNNAME2</attalias><attrtype Sync="TRUE">String</attrtype><attwidth Sync="TRUE">200</attwidth><atprecis Sync="TRUE">0</atprecis><attscale Sync="TRUE">0</attscale></attr><attr><attrlabl Sync="TRUE">OWNTYPE</attrlabl><attalias Sync="TRUE">OWNTYPE</attalias><attrtype Sync="TRUE">String</attrtype><attwidth Sync="TRUE">50</attwidth><atprecis Sync="TRUE">0</atprecis><attscale Sync="TRUE">0</attscale></attr><attr><attrlabl Sync="TRUE">PARNO</attrlabl><attalias Sync="TRUE">PARNO</attalias><attrtype Sync="TRUE">String</attrtype><attwidth Sync="TRUE">100</attwidth><atprecis Sync="TRUE">0</atprecis><attscale Sync="TRUE">0</attscale></attr><attr><attrlabl Sync="TRUE">PARUSECD2</attrlabl><attalias Sync="TRUE">PARUSECD2</attalias><attrtype Sync="TRUE">String</attrtype><attwidth Sync="TRUE">25</attwidth><atprecis Sync="TRUE">0</atprecis><attscale Sync="TRUE">0</attscale></attr><attr><attrlabl Sync="TRUE">PARUSECODE</attrlabl><attalias Sync="TRUE">PARUSECODE</attalias><attrtype Sync="TRUE">String</attrtype><attwidth Sync="TRUE">50</attwidth><atprecis Sync="TRUE">0</atprecis><attscale Sync="TRUE">0</attscale></attr><attr><attrlabl Sync="TRUE">PARUSEDESC</attrlabl><attalias Sync="TRUE">PARUSEDESC</attalias><attrtype Sync="TRUE">String</attrtype><attwidth Sync="TRUE">125</attwidth><atprecis Sync="TRUE">0</atprecis><attscale Sync="TRUE">0</attscale></attr><attr><attrlabl Sync="TRUE">PARUSEDSC2</attrlabl><attalias Sync="TRUE">PARUSEDSC2</attalias><attrtype Sync="TRUE">String</attrtype><attwidth Sync="TRUE">125</attwidth><atprecis Sync="TRUE">0</atprecis><attscale Sync="TRUE">0</attscale></attr><attr><attrlabl Sync="TRUE">PARVAL</attrlabl><attalias Sync="TRUE">PARVAL</attalias><attrtype Sync="TRUE">Double</attrtype><attwidth Sync="TRUE">19</attwidth><atprecis Sync="TRUE">0</atprecis><attscale Sync="TRUE">0</attscale></attr><attr><attrlabl Sync="TRUE">PARVALTYPE</attrlabl><attalias Sync="TRUE">PARVALTYPE</attalias><attrtype Sync="TRUE">String</attrtype><attwidth Sync="TRUE">50</attwidth><atprecis Sync="TRUE">0</atprecis><attscale Sync="TRUE">0</attscale></attr><attr><attrlabl Sync="TRUE">PRESENTVAL</attrlabl><attalias Sync="TRUE">PRESENTVAL</attalias><attrtype Sync="TRUE">String</attrtype><attwidth Sync="TRUE">1</attwidth><atprecis Sync="TRUE">0</atprecis><attscale Sync="TRUE">0</attscale></attr><attr><attrlabl Sync="TRUE">RECAREANO</attrlabl><attalias Sync="TRUE">RECAREANO</attalias><attrtype Sync="TRUE">Single</attrtype><attwidth Sync="TRUE">13</attwidth><atprecis Sync="TRUE">0</atprecis><attscale Sync="TRUE">0</attscale></attr><attr><attrlabl Sync="TRUE">RECAREATX</attrlabl><attalias Sync="TRUE">RECAREATX</attalias><attrtype Sync="TRUE">String</attrtype><attwidth Sync="TRUE">25</attwidth><atprecis Sync="TRUE">0</atprecis><attscale Sync="TRUE">0</attscale></attr><attr><attrlabl Sync="TRUE">REVDATETX</attrlabl><attalias Sync="TRUE">REVDATETX</attalias><attrtype Sync="TRUE">String</attrtype><attwidth Sync="TRUE">25</attwidth><atprecis Sync="TRUE">0</atprecis><attscale Sync="TRUE">0</attscale></attr><attr><attrlabl Sync="TRUE">REVISEDATE</attrlabl><attalias Sync="TRUE">REVISEDATE</attalias><attrtype Sync="TRUE">Date</attrtype><attwidth Sync="TRUE">8</attwidth><atprecis Sync="TRUE">0</atprecis><attscale Sync="TRUE">0</attscale></attr><attr><attrlabl Sync="TRUE">REVISEYEAR</attrlabl><attalias Sync="TRUE">REVISEYEAR</attalias><attrtype Sync="TRUE">String</attrtype><attwidth Sync="TRUE">25</attwidth><atprecis Sync="TRUE">0</atprecis><attscale Sync="TRUE">0</attscale></attr><attr><attrlabl Sync="TRUE">SADDNO</attrlabl><attalias Sync="TRUE">SADDNO</attalias><attrtype Sync="TRUE">String</attrtype><attwidth Sync="TRUE">10</attwidth><atprecis Sync="TRUE">0</atprecis><attscale Sync="TRUE">0</attscale></attr><attr><attrlabl Sync="TRUE">SADDPREF</attrlabl><attalias Sync="TRUE">SADDPREF</attalias><attrtype Sync="TRUE">String</attrtype><attwidth Sync="TRUE">5</attwidth><atprecis Sync="TRUE">0</atprecis><attscale Sync="TRUE">0</attscale></attr><attr><attrlabl Sync="TRUE">SADDSTNAME</attrlabl><attalias Sync="TRUE">SADDSTNAME</attalias><attrtype Sync="TRUE">String</attrtype><attwidth Sync="TRUE">100</attwidth><atprecis Sync="TRUE">0</atprecis><attscale Sync="TRUE">0</attscale></attr><attr><attrlabl Sync="TRUE">SADDSTR</attrlabl><attalias Sync="TRUE">SADDSTR</attalias><attrtype Sync="TRUE">String</attrtype><attwidth Sync="TRUE">50</attwidth><atprecis Sync="TRUE">0</atprecis><attscale Sync="TRUE">0</attscale></attr><attr><attrlabl Sync="TRUE">SADDSTSUF</attrlabl><attalias Sync="TRUE">SADDSTSUF</attalias><attrtype Sync="TRUE">String</attrtype><attwidth Sync="TRUE">10</attwidth><atprecis Sync="TRUE">0</atprecis><attscale Sync="TRUE">0</attscale></attr><attr><attrlabl Sync="TRUE">SADDSTTYP</attrlabl><attalias Sync="TRUE">SADDSTTYP</attalias><attrtype Sync="TRUE">String</attrtype><attwidth Sync="TRUE">10</attwidth><atprecis Sync="TRUE">0</atprecis><attscale Sync="TRUE">0</attscale></attr><attr><attrlabl Sync="TRUE">SALEDATE</attrlabl><attalias Sync="TRUE">SALEDATE</attalias><attrtype Sync="TRUE">Date</attrtype><attwidth Sync="TRUE">8</attwidth><atprecis Sync="TRUE">0</atprecis><attscale Sync="TRUE">0</attscale></attr><attr><attrlabl Sync="TRUE">SALEDATETX</attrlabl><attalias Sync="TRUE">SALEDATETX</attalias><attrtype Sync="TRUE">String</attrtype><attwidth Sync="TRUE">25</attwidth><atprecis Sync="TRUE">0</atprecis><attscale Sync="TRUE">0</attscale></attr><attr><attrlabl Sync="TRUE">SCITY</attrlabl><attalias Sync="TRUE">SCITY</attalias><attrtype Sync="TRUE">String</attrtype><attwidth Sync="TRUE">100</attwidth><atprecis Sync="TRUE">0</atprecis><attscale Sync="TRUE">0</attscale></attr><attr><attrlabl Sync="TRUE">SITEADD</attrlabl><attalias Sync="TRUE">SITEADD</attalias><attrtype Sync="TRUE">String</attrtype><attwidth Sync="TRUE">200</attwidth><atprecis Sync="TRUE">0</atprecis><attscale Sync="TRUE">0</attscale></attr><attr><attrlabl Sync="TRUE">SOURCEAGNT</attrlabl><attalias Sync="TRUE">SOURCEAGNT</attalias><attrtype Sync="TRUE">String</attrtype><attwidth Sync="TRUE">100</attwidth><atprecis Sync="TRUE">0</atprecis><attscale Sync="TRUE">0</attscale></attr><attr><attrlabl Sync="TRUE">SOURCEDATE</attrlabl><attalias Sync="TRUE">SOURCEDATE</attalias><attrtype Sync="TRUE">Date</attrtype><attwidth Sync="TRUE">8</attwidth><atprecis Sync="TRUE">0</atprecis><attscale Sync="TRUE">0</attscale></attr><attr><attrlabl Sync="TRUE">SOURCEDATX</attrlabl><attalias Sync="TRUE">SOURCEDATX</attalias><attrtype Sync="TRUE">String</attrtype><attwidth Sync="TRUE">25</attwidth><atprecis Sync="TRUE">0</atprecis><attscale Sync="TRUE">0</attscale></attr><attr><attrlabl Sync="TRUE">SOURCEREF</attrlabl><attalias Sync="TRUE">SOURCEREF</attalias><attrtype Sync="TRUE">String</attrtype><attwidth Sync="TRUE">50</attwidth><atprecis Sync="TRUE">0</atprecis><attscale Sync="TRUE">0</attscale></attr><attr><attrlabl Sync="TRUE">SSTATE</attrlabl><attalias Sync="TRUE">SSTATE</attalias><attrtype Sync="TRUE">String</attrtype><attwidth Sync="TRUE">25</attwidth><atprecis Sync="TRUE">0</atprecis><attscale Sync="TRUE">0</attscale></attr><attr><attrlabl Sync="TRUE">STCNTYFIPS</attrlabl><attalias Sync="TRUE">STCNTYFIPS</attalias><attrtype Sync="TRUE">String</attrtype><attwidth Sync="TRUE">5</attwidth><atprecis Sync="TRUE">0</atprecis><attscale Sync="TRUE">0</attscale></attr><attr><attrlabl Sync="TRUE">STFIPS</attrlabl><attalias Sync="TRUE">STFIPS</attalias><attrtype Sync="TRUE">String</attrtype><attwidth Sync="TRUE">2</attwidth><atprecis Sync="TRUE">0</atprecis><attscale Sync="TRUE">0</attscale></attr><attr><attrlabl Sync="TRUE">STNAME</attrlabl><attalias Sync="TRUE">STNAME</attalias><attrtype Sync="TRUE">String</attrtype><attwidth Sync="TRUE">2</attwidth><atprecis Sync="TRUE">0</atprecis><attscale Sync="TRUE">0</attscale></attr><attr><attrlabl Sync="TRUE">STRUCT</attrlabl><attalias Sync="TRUE">STRUCT</attalias><attrtype Sync="TRUE">String</attrtype><attwidth Sync="TRUE">1</attwidth><atprecis Sync="TRUE">0</atprecis><attscale Sync="TRUE">0</attscale></attr><attr><attrlabl Sync="TRUE">STRUCTNO</attrlabl><attalias Sync="TRUE">STRUCTNO</attalias><attrtype Sync="TRUE">Integer</attrtype><attwidth Sync="TRUE">5</attwidth><atprecis Sync="TRUE">5</atprecis><attscale Sync="TRUE">0</attscale></attr><attr><attrlabl Sync="TRUE">STRUCTYEAR</attrlabl><attalias Sync="TRUE">STRUCTYEAR</attalias><attrtype Sync="TRUE">SmallInteger</attrtype><attwidth Sync="TRUE">4</attwidth><atprecis Sync="TRUE">4</atprecis><attscale Sync="TRUE">0</attscale></attr><attr><attrlabl Sync="TRUE">SUBDIVISIO</attrlabl><attalias Sync="TRUE">SUBDIVISIO</attalias><attrtype Sync="TRUE">String</attrtype><attwidth Sync="TRUE">50</attwidth><atprecis Sync="TRUE">0</atprecis><attscale Sync="TRUE">0</attscale></attr><attr><attrlabl Sync="TRUE">SUBOWNTYPE</attrlabl><attalias Sync="TRUE">SUBOWNTYPE</attalias><attrtype Sync="TRUE">String</attrtype><attwidth Sync="TRUE">50</attwidth><atprecis Sync="TRUE">0</atprecis><attscale Sync="TRUE">0</attscale></attr><attr><attrlabl Sync="TRUE">SUBSURFOWN</attrlabl><attalias Sync="TRUE">SUBSURFOWN</attalias><attrtype Sync="TRUE">String</attrtype><attwidth Sync="TRUE">200</attwidth><atprecis Sync="TRUE">0</atprecis><attscale Sync="TRUE">0</attscale></attr><attr><attrlabl Sync="TRUE">SUNIT</attrlabl><attalias Sync="TRUE">SUNIT</attalias><attrtype Sync="TRUE">String</attrtype><attwidth Sync="TRUE">25</attwidth><atprecis Sync="TRUE">0</atprecis><attscale Sync="TRUE">0</attscale></attr><attr><attrlabl Sync="TRUE">SZIP</attrlabl><attalias Sync="TRUE">SZIP</attalias><attrtype Sync="TRUE">String</attrtype><attwidth Sync="TRUE">25</attwidth><atprecis Sync="TRUE">0</atprecis><attscale Sync="TRUE">0</attscale></attr><attr><attrlabl Sync="TRUE">TRANSFDATE</attrlabl><attalias Sync="TRUE">TRANSFDATE</attalias><attrtype Sync="TRUE">Date</attrtype><attwidth Sync="TRUE">8</attwidth><atprecis Sync="TRUE">0</atprecis><attscale Sync="TRUE">0</attscale></attr></detailed></eainfo><mdDateSt Sync="TRUE">20190610</mdDateSt></metadata>
