<?xml version="1.0" encoding="UTF-8"?>
<metadata xml:lang="en"><Esri><CreaDate>20190414</CreaDate><CreaTime>12541400</CreaTime><ArcGISFormat>1.0</ArcGISFormat><SyncOnce>TRUE</SyncOnce><DataProperties><lineage><Process ToolSource="c:\program files\arcgis\pro\Resources\ArcToolbox\toolboxes\Conversion Tools.tbx\RasterToPolygon" Date="20190414" Time="125414">RasterToPolygon Ayden_Reclass.tif P:\NC_Service_Map\474025_Ayden_Town_of\Ayden_Service_Area_Extent.shp SIMPLIFY Value SINGLE_OUTER_PART #</Process><Process Name="Add Fields (multiple)" ToolSource="c:\program files\arcgis\pro\Resources\ArcToolbox\toolboxes\Data Management Tools.tbx\AddFields" Date="20190414" Time="125609">AddFields Ayden_Service_Area_Extent "PWSID LONG # # #;SystemName TEXT 'Utility Name' 255 #;SourceType TEXT # 255 #;AreaType TEXT # 255 #"</Process><Process Name="Calculate Fields (multiple)" ToolSource="c:\program files\arcgis\pro\Resources\ArcToolbox\toolboxes\Data Management Tools.tbx\CalculateFields" Date="20190414" Time="125609">CalculateFields Ayden_Service_Area_Extent "Python 3" "PWSID 474025;SystemName '"Ayden_Town_of"';SourceType '"Service_Area"';AreaType '"Service_Area_Extent"'" #</Process><Process ToolSource="c:\program files\arcgis\pro\Resources\ArcToolbox\toolboxes\Data Management Tools.tbx\DeleteField" Date="20191211" Time="160706">DeleteField Ayden_Service_Area_Extent gridcode;PWSID;SystemName;SourceType;AreaType</Process><Process Name="Add Fields (multiple)" ToolSource="c:\program files\arcgis\pro\Resources\ArcToolbox\toolboxes\Data Management Tools.tbx\AddFields" Date="20191211" Time="161019">AddFields Ayden_Service_Area_Extent "PWSID TEXT # 255 # #;SystemName TEXT # 255 # #;SourceType TEXT # 255 # #;AreaType TEXT # 255 # #;County TEXT # 255 # #"</Process><Process Name="Calculate Fields (multiple)" ToolSource="c:\program files\arcgis\pro\Resources\ArcToolbox\toolboxes\Data Management Tools.tbx\CalculateFields" Date="20191211" Time="161019">CalculateFields Ayden_Service_Area_Extent PYTHON3 "PWSID '"04-74-025"';SystemName '"Ayden_Town_Of"';SourceType '"Service_Area"';AreaType '"Service_Area_Extent"';County '"Pitt"'" #</Process><Process ToolSource="c:\program files\arcgis\pro\Resources\ArcToolbox\toolboxes\Data Management Tools.tbx\DeleteField" Date="20191211" Time="161033">DeleteField Ayden_Service_Area_Extent Id</Process><Process ToolSource="c:\program files\arcgis\pro\Resources\ArcToolbox\toolboxes\Data Management Tools.tbx\Rename" Date="20191211" Time="161054">Rename "Z:\Innovation Infrastructure\Archived_QAQC\Ayden\Ayden_Service_Area_Extent.shp" "Z:\Innovation Infrastructure\Archived_QAQC\Ayden\04-74-025_Ayden_Service_Area_Extent.shp" ShapeFile</Process></lineage></DataProperties></Esri></metadata>
