<?xml version="1.0" encoding="UTF-8"?>
<metadata xml:lang="en"><Esri><CreaDate>20190619</CreaDate><CreaTime>16213800</CreaTime><ArcGISFormat>1.0</ArcGISFormat><SyncOnce>TRUE</SyncOnce><DataProperties><lineage><Process ToolSource="c:\program files\arcgis\pro\Resources\ArcToolbox\toolboxes\Conversion Tools.tbx\RasterToPolygon" Date="20190619" Time="162138">RasterToPolygon Service_Area.tif P:\WaterInfrastructure_NC\June\04-19-010_Chatam_County-Ashbury\Chatam_County_Ashbury_Service_Area.shp SIMPLIFY Value SINGLE_OUTER_PART #</Process><Process Name="Add Fields (multiple)" ToolSource="c:\program files\arcgis\pro\Resources\ArcToolbox\toolboxes\Data Management Tools.tbx\AddFields" Date="20190619" Time="170643">AddFields Chatam_County_Ashbury_Service_Area "PWSID TEXT # 255 #;SystemName TEXT 'Utility Name' 255 #;SourceType TEXT # 255 #;AreaType TEXT # 255 #;County TEXT # 255 #"</Process><Process Name="Calculate Fields (multiple)" ToolSource="c:\program files\arcgis\pro\Resources\ArcToolbox\toolboxes\Data Management Tools.tbx\CalculateFields" Date="20190619" Time="170643">CalculateFields Chatam_County_Ashbury_Service_Area "Python 3" "PWSID '"04-19-010"';SystemName '"Chatham County-Ashbury Water System"';SourceType '"Service Area"';AreaType '"Service Area Extent"';County '"Chatham County"'" #</Process><Process ToolSource="c:\program files\arcgis\pro\Resources\ArcToolbox\toolboxes\Data Management Tools.tbx\DeleteField" Date="20191209" Time="123832">DeleteField Chatam_County_Ashbury_Service_Area gridcode;PWSID;SystemName;SourceType;AreaType;County</Process><Process Name="Add Fields (multiple)" ToolSource="c:\program files\arcgis\pro\Resources\ArcToolbox\toolboxes\Data Management Tools.tbx\AddFields" Date="20191209" Time="124038">AddFields Chatam_County_Ashbury_Service_Area "PWSID TEXT # 255 # #;SystemName TEXT # 255 # #;SourceType TEXT # 255 # #;AreaType TEXT # 255 # #;County TEXT # 255 # #"</Process><Process Name="Calculate Fields (multiple)" ToolSource="c:\program files\arcgis\pro\Resources\ArcToolbox\toolboxes\Data Management Tools.tbx\CalculateFields" Date="20191209" Time="124039">CalculateFields Chatam_County_Ashbury_Service_Area PYTHON3 "PWSID '"40-19-010"';SystemName '"Chatham_County_Ashbury"';SourceType '"Service_Area"';AreaType '"Service_Area_Extent"';County '"Chatham"'" #</Process><Process ToolSource="c:\program files\arcgis\pro\Resources\ArcToolbox\toolboxes\Data Management Tools.tbx\DeleteField" Date="20191209" Time="124044">DeleteField Chatam_County_Ashbury_Service_Area Id</Process><Process ToolSource="c:\program files\arcgis\pro\Resources\ArcToolbox\toolboxes\Data Management Tools.tbx\Rename" Date="20191209" Time="124856">Rename "Z:\Innovation Infrastructure\Archived_QAQC\Chatam_Co\Chatam_County_Ashbury_Service_Area.shp" "Z:\Innovation Infrastructure\Archived_QAQC\Chatam_Co\40-19-010_Chatam_County_Ashbury_Service_Area.shp" ShapeFile</Process></lineage></DataProperties></Esri></metadata>
