<?xml version="1.0" encoding="UTF-8"?>
<metadata xml:lang="en"><Esri><CreaDate>20190928</CreaDate><CreaTime>10474100</CreaTime><ArcGISFormat>1.0</ArcGISFormat><SyncOnce>TRUE</SyncOnce><DataProperties><lineage><Process ToolSource="c:\program files\arcgis\pro\Resources\ArcToolbox\toolboxes\Data Management Tools.tbx\CreateFeatureclass" Date="20190928" Time="104741">CreateFeatureclass P:\NC_Service_Map\Innovations\70-10-058_Leland_Town_of 70-10-058_Leland_Town_of_Area_Polygon Polygon # No No # # 0 0 0 #</Process><Process Name="Add Fields (multiple)" ToolSource="c:\program files\arcgis\pro\Resources\ArcToolbox\toolboxes\Data Management Tools.tbx\AddFields" Date="20190928" Time="105212">AddFields 70-10-058_Leland_Town_of_Area_Polygon "PWSID TEXT # 255 # #;SystemName TEXT # 255 # #;SourceType TEXT # 255 # #;AreaType TEXT # 255 # #;County TEXT # 255 # #"</Process><Process Name="Calculate Fields (multiple)" ToolSource="c:\program files\arcgis\pro\Resources\ArcToolbox\toolboxes\Data Management Tools.tbx\CalculateFields" Date="20190928" Time="105212">CalculateFields 70-10-058_Leland_Town_of_Area_Polygon PYTHON3 "PWSID '"70-10-058"';SystemName '"Town of Leland"';SourceType '"Service_Area"';AreaType '"Service_Area_Extent"';County '"Brunswick"'" #</Process></lineage></DataProperties></Esri></metadata>
