<?xml version="1.0" encoding="UTF-8"?>
<metadata xml:lang="en"><Esri><CreaDate>20190925</CreaDate><CreaTime>17304100</CreaTime><ArcGISFormat>1.0</ArcGISFormat><SyncOnce>TRUE</SyncOnce><DataProperties><lineage><Process ToolSource="c:\program files\arcgis\pro\Resources\ArcToolbox\toolboxes\Data Management Tools.tbx\CreateFeatureclass" Date="20190925" Time="173041">CreateFeatureclass "Z:\Innovation Infrastructure\03-63-020_Aberdeen_Town_of\Scratch" Service_Area Polygon # No No # # 0 0 0 #</Process><Process ToolSource="c:\program files\arcgis\pro\Resources\ArcToolbox\toolboxes\Data Management Tools.tbx\Rename" Date="20190925" Time="174406">Rename "Z:\Innovation Infrastructure\03-63-020_Aberdeen_Town_of\Scratch\Service_Area.shp" "Z:\Innovation Infrastructure\03-63-020_Aberdeen_Town_of\Scratch\Aberdeen_City_Utility_Service_Area_Polygon.shp" ShapeFile</Process><Process Name="Add Fields (multiple)" ToolSource="c:\program files\arcgis\pro\Resources\ArcToolbox\toolboxes\Data Management Tools.tbx\AddFields" Date="20190925" Time="174552">AddFields Aberdeen_City_Utility_Service_Area_Polygon.shp "PWSID TEXT # 255 # #;SystemName TEXT # 255 # #;SourceType TEXT # 255 # #;AreaType TEXT # 255 # #;County TEXT # 255 # #"</Process><Process Name="Calculate Fields (multiple)" ToolSource="c:\program files\arcgis\pro\Resources\ArcToolbox\toolboxes\Data Management Tools.tbx\CalculateFields" Date="20190925" Time="174552">CalculateFields Aberdeen_City_Utility_Service_Area_Polygon.shp PYTHON3 "PWSID '"03-63-020"';SystemName '"Aberdeen_City_of"';SourceType '"Service_Area"';AreaType '"Service_Area_Extent"';County '"Moore"'" #</Process></lineage></DataProperties></Esri></metadata>
