<?xml version="1.0" encoding="UTF-8"?>
<metadata xml:lang="en"><Esri><CreaDate>20191120</CreaDate><CreaTime>15225000</CreaTime><ArcGISFormat>1.0</ArcGISFormat><SyncOnce>FALSE</SyncOnce><DataProperties><lineage><Process Name="Raster to Polygon" ToolSource="c:\program files\arcgis\pro\Resources\ArcToolbox\toolboxes\Conversion Tools.tbx\RasterToPolygon" Date="20191120" Time="152250">RasterToPolygon C:\Temp\Con_EucDist_Bla1.tif C:\Temp\RasterT_Con_Euc9.shp SIMPLIFY Value MULTIPLE_OUTER_PART #</Process><Process Name="Union" ToolSource="c:\program files\arcgis\pro\Resources\ArcToolbox\toolboxes\Analysis Tools.tbx\Union" Date="20191120" Time="152302">Union "C:\Temp\RasterT_Con_Euc9.shp #;nc_bladen_parcels_poly_Layer #;nc_bladen_parcels_poly_Layer1 #" "Z:\innovations\sent shapefile\Bladen\Bladen_Co_Wtr_Dist_East_Bladen_pipe_parcel.shp" "All attributes" # GAPS</Process><Process ToolSource="c:\program files\arcgis\pro\Resources\ArcToolbox\toolboxes\Data Management Tools.tbx\CopyFeatures" Date="20191120" Time="162720">CopyFeatures Bladen_Co_Wtr_Dist_East_Bladen_pipe_parcel "Z:\innovations\sent shapefile\03-09-060_Bladen_Co_Wtr_Dist_East_Bladen\Bladen_Co_Wtr_Dist_East_Bladen_pipe_parcel.shp" # # # #</Process><Process ToolSource="c:\program files\arcgis\pro\Resources\ArcToolbox\toolboxes\Analysis Tools.tbx\Erase" Date="20200128" Time="153004">Erase Bladen_Co_Wtr_Dist_East_Bladen_pipe_parcel 03-09-055_Bladen_Utility_Water_Service_Area "Z:\Innovations\Muni Boundaries\Scratch\Bladen_Co_Wtr_Dist_East.shp" #</Process><Process ToolSource="c:\program files\arcgis\pro\Resources\ArcToolbox\toolboxes\Data Management Tools.tbx\DeleteField" Date="20200128" Time="154514">DeleteField Bladen_Co_Wtr_Dist_East FID_Raster;Id</Process><Process ToolSource="c:\program files\arcgis\pro\Resources\ArcToolbox\toolboxes\Data Management Tools.tbx\DeleteField" Date="20200128" Time="154523">DeleteField Bladen_Co_Wtr_Dist_East gridcode;FID_nc_bla;ALTPARNO;CNTYFIPS</Process><Process ToolSource="c:\program files\arcgis\pro\Resources\ArcToolbox\toolboxes\Data Management Tools.tbx\DeleteField" Date="20200128" Time="154533">DeleteField Bladen_Co_Wtr_Dist_East CNTYNAME;GISACRES;GNISID;IMPROVVAL;LANDVAL;LEGDECFULL;MADDPREF;MADDRNO;MADDSTNAME</Process><Process ToolSource="c:\program files\arcgis\pro\Resources\ArcToolbox\toolboxes\Data Management Tools.tbx\DeleteField" Date="20200128" Time="154543">DeleteField Bladen_Co_Wtr_Dist_East MADDSTR;MADDSTSUF;MADDSTTYP;MAILADD;MAPREF;MCITY;MSTATE;MULTISTRUC;MUNIT</Process><Process ToolSource="c:\program files\arcgis\pro\Resources\ArcToolbox\toolboxes\Data Management Tools.tbx\DeleteField" Date="20200128" Time="154550">DeleteField Bladen_Co_Wtr_Dist_East MZIP;NPARNO;OWNFRST;OWNLAST;OWNNAME;OWNNAME2;OWNTYPE;PARNO</Process><Process ToolSource="c:\program files\arcgis\pro\Resources\ArcToolbox\toolboxes\Data Management Tools.tbx\DeleteField" Date="20200128" Time="154558">DeleteField Bladen_Co_Wtr_Dist_East PARUSECD2;PARUSECODE;PARUSEDESC;PARUSEDSC2;PARVAL;PARVALTYPE;PRESENTVAL;RECAREANO</Process><Process ToolSource="c:\program files\arcgis\pro\Resources\ArcToolbox\toolboxes\Data Management Tools.tbx\DeleteField" Date="20200128" Time="154607">DeleteField Bladen_Co_Wtr_Dist_East RECAREATX;REVDATETX;REVISEDATE;REVISEYEAR;SADDNO;SADDPREF;SADDSTNAME;SADDSTR</Process><Process ToolSource="c:\program files\arcgis\pro\Resources\ArcToolbox\toolboxes\Data Management Tools.tbx\DeleteField" Date="20200128" Time="154614">DeleteField Bladen_Co_Wtr_Dist_East SADDSTSUF;SADDSTTYP;SALEDATE;SALEDATETX;SCITY;SITEADD;SOURCEAGNT;SOURCEDATE</Process><Process ToolSource="c:\program files\arcgis\pro\Resources\ArcToolbox\toolboxes\Data Management Tools.tbx\DeleteField" Date="20200128" Time="154622">DeleteField Bladen_Co_Wtr_Dist_East SOURCEDATX;SOURCEREF;SSTATE;STCNTYFIPS;STFIPS;STNAME;STRUCT;STRUCTNO;STRUCTYEAR;SUBDIVISIO</Process><Process ToolSource="c:\program files\arcgis\pro\Resources\ArcToolbox\toolboxes\Data Management Tools.tbx\DeleteField" Date="20200128" Time="154631">DeleteField Bladen_Co_Wtr_Dist_East SUBOWNTYPE;SUBSURFOWN;SUNIT;SZIP;TRANSFDATE;FID_nc_b_1;ALTPARNO_1;CNTYFIPS_1</Process><Process ToolSource="c:\program files\arcgis\pro\Resources\ArcToolbox\toolboxes\Data Management Tools.tbx\DeleteField" Date="20200128" Time="154638">DeleteField Bladen_Co_Wtr_Dist_East CNTYNAME_1;GISACRES_1;GNISID_1;IMPROVVA_1;LANDVAL_1;LEGDECFU_1;MADDPREF_1;MADDRNO_1;MADDSTNA_1</Process><Process ToolSource="c:\program files\arcgis\pro\Resources\ArcToolbox\toolboxes\Data Management Tools.tbx\DeleteField" Date="20200128" Time="154645">DeleteField Bladen_Co_Wtr_Dist_East MADDSTR_1;MADDSTSU_1;MADDSTTY_1;MAILADD_1;MAPREF_1;MCITY_1;MSTATE_1;MULTISTR_1;MUNIT_1</Process><Process ToolSource="c:\program files\arcgis\pro\Resources\ArcToolbox\toolboxes\Data Management Tools.tbx\DeleteField" Date="20200128" Time="154653">DeleteField Bladen_Co_Wtr_Dist_East MZIP_1;NPARNO_1;OWNFRST_1;OWNLAST_1;OWNNAME_1;OWNNAME2_1;OWNTYPE_1;PARNO_1</Process><Process ToolSource="c:\program files\arcgis\pro\Resources\ArcToolbox\toolboxes\Data Management Tools.tbx\DeleteField" Date="20200128" Time="154703">DeleteField Bladen_Co_Wtr_Dist_East PARUSECD_1;PARUSECO_1;PARUSEDE_1;PARUSEDS_1;PARVAL_1;PARVALTY_1;PRESENTV_1;RECAREAN_1</Process><Process ToolSource="c:\program files\arcgis\pro\Resources\ArcToolbox\toolboxes\Data Management Tools.tbx\DeleteField" Date="20200128" Time="154715">DeleteField Bladen_Co_Wtr_Dist_East RECAREAT_1;REVDATET_1;REVISEDA_1;REVISEYE_1;SADDNO_1;SADDPREF_1;SADDSTNA_1;SADDSTR_1;SADDSTSU_1;SADDSTTY_1</Process><Process ToolSource="c:\program files\arcgis\pro\Resources\ArcToolbox\toolboxes\Data Management Tools.tbx\DeleteField" Date="20200128" Time="154723">DeleteField Bladen_Co_Wtr_Dist_East SALEDATE_1;SALEDATE_2;SCITY_1;SITEADD_1;SOURCEAG_1;SOURCEDA_1;SOURCEDA_2;SOURCERE_1;SSTATE_1</Process><Process ToolSource="c:\program files\arcgis\pro\Resources\ArcToolbox\toolboxes\Conversion Tools.tbx\FeatureClassToFeatureClass" Date="20200128" Time="155148">FeatureClassToFeatureClass Bladen_Co_Wtr_Dist_East "Z:\Innovations\Muni Boundaries\Scratch\CheckMuni" Bladen_Co_WtrDist_East.shp # "STCNTYFI_1 "STCNTYFI_1" true true false 5 Text 0 0,First,#,Bladen_Co_Wtr_Dist_East,STCNTYFI_1,0,5;STFIPS_1 "STFIPS_1" true true false 2 Text 0 0,First,#,Bladen_Co_Wtr_Dist_East,STFIPS_1,0,2;STNAME_1 "STNAME_1" true true false 2 Text 0 0,First,#,Bladen_Co_Wtr_Dist_East,STNAME_1,0,2;STRUCT_1 "STRUCT_1" true true false 1 Text 0 0,First,#,Bladen_Co_Wtr_Dist_East,STRUCT_1,0,1;STRUCTNO_1 "STRUCTNO_1" true true false 5 Long 0 5,First,#,Bladen_Co_Wtr_Dist_East,STRUCTNO_1,-1,-1;STRUCTYE_1 "STRUCTYE_1" true true false 4 Short 0 4,First,#,Bladen_Co_Wtr_Dist_East,STRUCTYE_1,-1,-1;SUBDIVIS_1 "SUBDIVIS_1" true true false 50 Text 0 0,First,#,Bladen_Co_Wtr_Dist_East,SUBDIVIS_1,0,50;SUBOWNTY_1 "SUBOWNTY_1" true true false 50 Text 0 0,First,#,Bladen_Co_Wtr_Dist_East,SUBOWNTY_1,0,50;SUBSURFO_1 "SUBSURFO_1" true true false 200 Text 0 0,First,#,Bladen_Co_Wtr_Dist_East,SUBSURFO_1,0,200;SUNIT_1 "SUNIT_1" true true false 25 Text 0 0,First,#,Bladen_Co_Wtr_Dist_East,SUNIT_1,0,25;SZIP_1 "SZIP_1" true true false 25 Text 0 0,First,#,Bladen_Co_Wtr_Dist_East,SZIP_1,0,25;TRANSFDA_1 "TRANSFDA_1" true true false 8 Date 0 0,First,#,Bladen_Co_Wtr_Dist_East,TRANSFDA_1,-1,-1" #</Process><Process ToolSource="c:\program files\arcgis\pro\Resources\ArcToolbox\toolboxes\Data Management Tools.tbx\DeleteField" Date="20200128" Time="155202">DeleteField Bladen_Co_WtrDist_East STCNTYFI_1</Process><Process ToolSource="c:\program files\arcgis\pro\Resources\ArcToolbox\toolboxes\Data Management Tools.tbx\DeleteField" Date="20200128" Time="155212">DeleteField Bladen_Co_WtrDist_East STFIPS_1;STNAME_1;STRUCT_1;STRUCTNO_1;STRUCTYE_1;SUBDIVIS_1;SUBOWNTY_1;SUBSURFO_1;SUNIT_1;SZIP_1</Process><Process ToolSource="c:\program files\arcgis\pro\Resources\ArcToolbox\toolboxes\Data Management Tools.tbx\UpdateSchema" Date="20200128" Time="155306">UpdateSchema "CIMDATA=&lt;CIMStandardDataConnection xsi:type='typens:CIMStandardDataConnection' xmlns:xsi='http://www.w3.org/2001/XMLSchema-instance' xmlns:xs='http://www.w3.org/2001/XMLSchema' xmlns:typens='http://www.esri.com/schemas/ArcGIS/2.4.0'&gt;&lt;WorkspaceConnectionString&gt;DATABASE=Z:\Innovations\Muni Boundaries\Scratch\CheckMuni&lt;/WorkspaceConnectionString&gt;&lt;WorkspaceFactory&gt;Shapefile&lt;/WorkspaceFactory&gt;&lt;Dataset&gt;Bladen_Co_WtrDist_East&lt;/Dataset&gt;&lt;DatasetType&gt;esriDTFeatureClass&lt;/DatasetType&gt;&lt;/CIMStandardDataConnection&gt;" &lt;operationSequence&gt;&lt;workflow&gt;&lt;DeleteField&gt;&lt;field_name&gt;TRANSFDA_1&lt;/field_name&gt;&lt;/DeleteField&gt;&lt;/workflow&gt;&lt;workflow&gt;&lt;AddField&gt;&lt;field_name&gt;Field&lt;/field_name&gt;&lt;field_type&gt;LONG&lt;/field_type&gt;&lt;field_is_nullable&gt;False&lt;/field_is_nullable&gt;&lt;field_is_required&gt;False&lt;/field_is_required&gt;&lt;/AddField&gt;&lt;/workflow&gt;&lt;/operationSequence&gt;</Process><Process ToolSource="c:\program files\arcgis\pro\Resources\ArcToolbox\toolboxes\Data Management Tools.tbx\UpdateSchema" Date="20200128" Time="155315">UpdateSchema "CIMDATA=&lt;CIMStandardDataConnection xsi:type='typens:CIMStandardDataConnection' xmlns:xsi='http://www.w3.org/2001/XMLSchema-instance' xmlns:xs='http://www.w3.org/2001/XMLSchema' xmlns:typens='http://www.esri.com/schemas/ArcGIS/2.4.0'&gt;&lt;WorkspaceConnectionString&gt;DATABASE=Z:\Innovations\Muni Boundaries\Scratch\CheckMuni&lt;/WorkspaceConnectionString&gt;&lt;WorkspaceFactory&gt;Shapefile&lt;/WorkspaceFactory&gt;&lt;Dataset&gt;Bladen_Co_WtrDist_East&lt;/Dataset&gt;&lt;DatasetType&gt;esriDTFeatureClass&lt;/DatasetType&gt;&lt;/CIMStandardDataConnection&gt;" &lt;operationSequence&gt;&lt;workflow&gt;&lt;DeleteField&gt;&lt;field_name&gt;TRANSFDA_1&lt;/field_name&gt;&lt;/DeleteField&gt;&lt;/workflow&gt;&lt;/operationSequence&gt;</Process><Process Name="Add Fields (multiple)" ToolSource="c:\program files\arcgis\pro\Resources\ArcToolbox\toolboxes\Data Management Tools.tbx\AddFields" Date="20200128" Time="155402">AddFields Bladen_Co_WtrDist_East "PWSID TEXT # 255 # #;SystemName TEXT # 255 # #;SourceType TEXT # 255 # #;AreaType TEXT # 255 # #;County TEXT # 255 # #"</Process><Process Name="Calculate Fields (multiple)" ToolSource="c:\program files\arcgis\pro\Resources\ArcToolbox\toolboxes\Data Management Tools.tbx\CalculateFields" Date="20200128" Time="155402">CalculateFields Bladen_Co_WtrDist_East PYTHON3 "PWSID 03-09-060;SystemName Bladen_Co_Wtr_Dist_East_Bladen;SourceType Water_Lines;AreaType Service_Area_Extent;County Bladen" #</Process><Process ToolSource="c:\program files\arcgis\pro\Resources\ArcToolbox\toolboxes\Analysis Tools.tbx\Erase" Date="20200214" Time="091558">Erase C:\Users\jm616\Downloads\0000Complete_Shapefiles_For_Merge_v210\ExSHP\Bladen_Co_WtrDist_East.shp C:\Users\jm616\Downloads\0000Complete_Shapefiles_For_Merge_v210\ExSHP\White_Lake_Water_Utility_Service_Area.shp C:\Users\jm616\Downloads\QAQC\Data\Bladen_Co_WtrDist_East.shp #</Process></lineage><itemProps><itemName Sync="TRUE">Bladen_Co_WtrDist_East</itemName><imsContentType Sync="TRUE">002</imsContentType><itemSize Sync="TRUE">0.000</itemSize><itemLocation><linkage Sync="TRUE">file://\\NS-E2107-06\C$\Users\jm616\Downloads\QAQC\Data\Bladen_Co_WtrDist_East.shp</linkage><protocol Sync="TRUE">Local Area Network</protocol></itemLocation></itemProps><coordRef><type Sync="TRUE">Projected</type><geogcsn Sync="TRUE">GCS_North_American_1983</geogcsn><csUnits Sync="TRUE">Linear Unit: Foot_US (0.304801)</csUnits><projcsn Sync="TRUE">NAD_1983_StatePlane_North_Carolina_FIPS_3200_Feet</projcsn><peXml Sync="TRUE">&lt;ProjectedCoordinateSystem xsi:type='typens:ProjectedCoordinateSystem' xmlns:xsi='http://www.w3.org/2001/XMLSchema-instance' xmlns:xs='http://www.w3.org/2001/XMLSchema' xmlns:typens='http://www.esri.com/schemas/ArcGIS/2.4.0'&gt;&lt;WKT&gt;PROJCS[&amp;quot;NAD_1983_StatePlane_North_Carolina_FIPS_3200_Feet&amp;quot;,GEOGCS[&amp;quot;GCS_North_American_1983&amp;quot;,DATUM[&amp;quot;D_North_American_1983&amp;quot;,SPHEROID[&amp;quot;GRS_1980&amp;quot;,6378137.0,298.257222101]],PRIMEM[&amp;quot;Greenwich&amp;quot;,0.0],UNIT[&amp;quot;Degree&amp;quot;,0.0174532925199433]],PROJECTION[&amp;quot;Lambert_Conformal_Conic&amp;quot;],PARAMETER[&amp;quot;False_Easting&amp;quot;,2000000.002616666],PARAMETER[&amp;quot;False_Northing&amp;quot;,0.0],PARAMETER[&amp;quot;Central_Meridian&amp;quot;,-79.0],PARAMETER[&amp;quot;Standard_Parallel_1&amp;quot;,34.33333333333334],PARAMETER[&amp;quot;Standard_Parallel_2&amp;quot;,36.16666666666666],PARAMETER[&amp;quot;Latitude_Of_Origin&amp;quot;,33.75],UNIT[&amp;quot;Foot_US&amp;quot;,0.3048006096012192],AUTHORITY[&amp;quot;EPSG&amp;quot;,2264]]&lt;/WKT&gt;&lt;XOrigin&gt;-121841900&lt;/XOrigin&gt;&lt;YOrigin&gt;-93659000&lt;/YOrigin&gt;&lt;XYScale&gt;36365718.124241434&lt;/XYScale&gt;&lt;ZOrigin&gt;-100000&lt;/ZOrigin&gt;&lt;ZScale&gt;10000&lt;/ZScale&gt;&lt;MOrigin&gt;-100000&lt;/MOrigin&gt;&lt;MScale&gt;10000&lt;/MScale&gt;&lt;XYTolerance&gt;0.0032808333333333331&lt;/XYTolerance&gt;&lt;ZTolerance&gt;0.001&lt;/ZTolerance&gt;&lt;MTolerance&gt;0.001&lt;/MTolerance&gt;&lt;HighPrecision&gt;true&lt;/HighPrecision&gt;&lt;WKID&gt;102719&lt;/WKID&gt;&lt;LatestWKID&gt;2264&lt;/LatestWKID&gt;&lt;/ProjectedCoordinateSystem&gt;</peXml></coordRef></DataProperties><SyncDate>20200214</SyncDate><SyncTime>09155700</SyncTime><ModDate>20200214</ModDate><ModTime>09155700</ModTime></Esri><dataIdInfo><envirDesc Sync="TRUE">Microsoft Windows 10 Version 10.0 (Build 17763) ; Esri ArcGIS 12.4.2.19948</envirDesc><dataLang><languageCode value="eng" Sync="TRUE"></languageCode><countryCode value="USA" Sync="TRUE"></countryCode></dataLang><idCitation><resTitle Sync="TRUE">Bladen_Co_WtrDist_East</resTitle><presForm><PresFormCd value="005" Sync="TRUE"></PresFormCd></presForm></idCitation><spatRpType><SpatRepTypCd value="001" Sync="TRUE"></SpatRepTypCd></spatRpType></dataIdInfo><mdLang><languageCode value="eng" Sync="TRUE"></languageCode><countryCode value="USA" Sync="TRUE"></countryCode></mdLang><mdChar><CharSetCd value="004" Sync="TRUE"></CharSetCd></mdChar><distInfo><distFormat><formatName Sync="TRUE">Shapefile</formatName></distFormat><distTranOps><transSize Sync="TRUE">0.000</transSize></distTranOps></distInfo><mdHrLv><ScopeCd value="005" Sync="TRUE"></ScopeCd></mdHrLv><mdHrLvName Sync="TRUE">dataset</mdHrLvName><refSysInfo><RefSystem><refSysID><identCode code="2264" Sync="TRUE"></identCode><idCodeSpace Sync="TRUE">EPSG</idCodeSpace><idVersion Sync="TRUE">6.12(9.0.0)</idVersion></refSysID></RefSystem></refSysInfo><spatRepInfo><VectSpatRep><geometObjs Name="Bladen_Co_WtrDist_East"><geoObjTyp><GeoObjTypCd value="002" Sync="TRUE"></GeoObjTypCd></geoObjTyp><geoObjCnt Sync="TRUE">0</geoObjCnt></geometObjs><topLvl><TopoLevCd value="001" Sync="TRUE"></TopoLevCd></topLvl></VectSpatRep></spatRepInfo><spdoinfo><ptvctinf><esriterm Name="Bladen_Co_WtrDist_East"><efeatyp Sync="TRUE">Simple</efeatyp><efeageom code="4" Sync="TRUE"></efeageom><esritopo Sync="TRUE">FALSE</esritopo><efeacnt Sync="TRUE">0</efeacnt><spindex Sync="TRUE">FALSE</spindex><linrefer Sync="TRUE">FALSE</linrefer></esriterm></ptvctinf></spdoinfo><eainfo><detailed Name="Bladen_Co_WtrDist_East"><enttyp><enttypl Sync="TRUE">Bladen_Co_WtrDist_East</enttypl><enttypt Sync="TRUE">Feature Class</enttypt><enttypc Sync="TRUE">0</enttypc></enttyp><attr><attrlabl Sync="TRUE">FID</attrlabl><attalias Sync="TRUE">FID</attalias><attrtype Sync="TRUE">OID</attrtype><attwidth Sync="TRUE">4</attwidth><atprecis Sync="TRUE">0</atprecis><attscale Sync="TRUE">0</attscale><attrdef Sync="TRUE">Internal feature number.</attrdef><attrdefs Sync="TRUE">Esri</attrdefs><attrdomv><udom Sync="TRUE">Sequential unique whole numbers that are automatically generated.</udom></attrdomv></attr><attr><attrlabl Sync="TRUE">Shape</attrlabl><attalias Sync="TRUE">Shape</attalias><attrtype Sync="TRUE">Geometry</attrtype><attwidth Sync="TRUE">0</attwidth><atprecis Sync="TRUE">0</atprecis><attscale Sync="TRUE">0</attscale><attrdef Sync="TRUE">Feature geometry.</attrdef><attrdefs Sync="TRUE">Esri</attrdefs><attrdomv><udom Sync="TRUE">Coordinates defining the features.</udom></attrdomv></attr><attr><attrlabl Sync="TRUE">Field</attrlabl><attalias Sync="TRUE">Field</attalias><attrtype Sync="TRUE">Integer</attrtype><attwidth Sync="TRUE">10</attwidth><atprecis Sync="TRUE">10</atprecis><attscale Sync="TRUE">0</attscale></attr><attr><attrlabl Sync="TRUE">PWSID</attrlabl><attalias Sync="TRUE">PWSID</attalias><attrtype Sync="TRUE">String</attrtype><attwidth Sync="TRUE">254</attwidth><atprecis Sync="TRUE">0</atprecis><attscale Sync="TRUE">0</attscale></attr><attr><attrlabl Sync="TRUE">SystemName</attrlabl><attalias Sync="TRUE">SystemName</attalias><attrtype Sync="TRUE">String</attrtype><attwidth Sync="TRUE">254</attwidth><atprecis Sync="TRUE">0</atprecis><attscale Sync="TRUE">0</attscale></attr><attr><attrlabl Sync="TRUE">SourceType</attrlabl><attalias Sync="TRUE">SourceType</attalias><attrtype Sync="TRUE">String</attrtype><attwidth Sync="TRUE">254</attwidth><atprecis Sync="TRUE">0</atprecis><attscale Sync="TRUE">0</attscale></attr><attr><attrlabl Sync="TRUE">AreaType</attrlabl><attalias Sync="TRUE">AreaType</attalias><attrtype Sync="TRUE">String</attrtype><attwidth Sync="TRUE">254</attwidth><atprecis Sync="TRUE">0</atprecis><attscale Sync="TRUE">0</attscale></attr><attr><attrlabl Sync="TRUE">County</attrlabl><attalias Sync="TRUE">County</attalias><attrtype Sync="TRUE">String</attrtype><attwidth Sync="TRUE">254</attwidth><atprecis Sync="TRUE">0</atprecis><attscale Sync="TRUE">0</attscale></attr></detailed></eainfo><mdDateSt Sync="TRUE">20200214</mdDateSt></metadata>
