<?xml version="1.0" encoding="UTF-8"?>
<metadata xml:lang="en"><Esri><CreaDate>20191217</CreaDate><CreaTime>17071200</CreaTime><ArcGISFormat>1.0</ArcGISFormat><SyncOnce>TRUE</SyncOnce><DataProperties><lineage><Process ToolSource="c:\program files\arcgis\pro\Resources\ArcToolbox\toolboxes\Data Management Tools.tbx\CreateFeatureclass" Date="20190319" Time="152458">CreateFeatureclass Z:\NC_Service_Map\0363025_Carthage Carthage_Service_Area_Polygon.shp Polygon # No No "PROJCS['NAD_1983_StatePlane_North_Carolina_FIPS_3200_Feet',GEOGCS['GCS_North_American_1983',DATUM['D_North_American_1983',SPHEROID['GRS_1980',6378137.0,298.257222101]],PRIMEM['Greenwich',0.0],UNIT['Degree',0.0174532925199433]],PROJECTION['Lambert_Conformal_Conic'],PARAMETER['False_Easting',2000000.002616666],PARAMETER['False_Northing',0.0],PARAMETER['Central_Meridian',-79.0],PARAMETER['Standard_Parallel_1',34.33333333333334],PARAMETER['Standard_Parallel_2',36.16666666666666],PARAMETER['Latitude_Of_Origin',33.75],UNIT['Foot_US',0.3048006096012192]];-121841900 -93659000 36365718.1242414;-100000 10000;-100000 10000;3.28083333333333E-03;0.001;0.001;IsHighPrecision" # 0 0 0 #</Process><Process Name="Add Fields (multiple)" ToolSource="c:\program files\arcgis\pro\Resources\ArcToolbox\toolboxes\Data Management Tools.tbx\AddFields" Date="20191211" Time="164203">AddFields Carthage_Service_Area_Polygon "PWSID TEXT # 255 # #;SystemName TEXT # 255 # #;SourceType TEXT # 255 # #;AreaType TEXT # 255 # #;County TEXT # 255 # #"</Process><Process Name="Calculate Fields (multiple)" ToolSource="c:\program files\arcgis\pro\Resources\ArcToolbox\toolboxes\Data Management Tools.tbx\CalculateFields" Date="20191211" Time="164204">CalculateFields Carthage_Service_Area_Polygon PYTHON3 "PWSID '"03-63-025"';SystemName '"Carthage, Town Of"';SourceType '"Service_Area"';AreaType '"Service_Area_Extent"';County '"Moore"'" #</Process><Process ToolSource="c:\program files\arcgis\pro\Resources\ArcToolbox\toolboxes\Data Management Tools.tbx\CopyMultiple" Date="20191217" Time="170728">CopyMultiple "Z:\Innovations\Shawn-selected\0363025_Carthage\0363025_Carthage\TRAN_North_Carolina_State_GDB.xml xml_file;Z:\Innovations\Shawn-selected\0363025_Carthage\0363025_Carthage\Carthage_ctrl_pts.txt text_txt;Z:\Innovations\Shawn-selected\0363025_Carthage\0363025_Carthage\TRAN_North_Carolina_State_GDB.jpg raster_file_general;'Z:\Innovations\Shawn-selected\0363025_Carthage\0363025_Carthage\Carthage_Service area_Layers.png' raster_file_general;Z:\Innovations\Shawn-selected\0363025_Carthage\0363025_Carthage\Carthage_Service_Area_Polygon.shp shapefile_polygon;Z:\Innovations\Shawn-selected\0363025_Carthage\0363025_Carthage\Carthage_Service_Area.png raster_file_general;Z:\Innovations\Shawn-selected\0363025_Carthage\0363025_Carthage\Carthage_rectified.tif raster_file_general" Z:\Innovations\Shawn-selected\0363025_Carthage TRAN_North_Carolina_State_GDB;Carthage_ctrl_pts;TRAN_North_Carolina_State_GDB;'Carthage_Service area_Layers';Carthage_Service_Area_Polygon;Carthage_Service_Area;Carthage_rectified_1 "Carthage_ctrl_pts.txt TableDataset Carthage_ctrl_pts.txt #;TRAN_North_Carolina_State_GDB.jpg RasterDataset TRAN_North_Carolina_State_GDB.jpg #;'Carthage_Service area_Layers.png' RasterDataset 'Carthage_Service area_Layers.png' #;Carthage_Service_Area_Polygon FeatureClass Carthage_Service_Area_Polygon.shp #;Carthage_Service_Area.png RasterDataset Carthage_Service_Area.png #;Carthage_rectified.tif RasterDataset Carthage_rectified_1.tif #"</Process></lineage><itemProps><itemLocation><linkage Sync="TRUE">file://\\homedir.oit.duke.edu\users\s\sl595\Innovations\Shawn-selected\0363025_Carthage\Carthage_Service_Area_Polygon</linkage><protocol Sync="TRUE">Local Area Network</protocol></itemLocation></itemProps><copyHistory><copy source="Z:\Innovations\Shawn-selected\0363025_Carthage\0363025_Carthage\Carthage_Service_Area_Polygon" dest="\\homedir.oit.duke.edu\users\s\sl595\Innovations\Shawn-selected\0363025_Carthage\Carthage_Service_Area_Polygon" date="20191217" time="17071200"></copy></copyHistory></DataProperties></Esri></metadata>
