<?xml version="1.0" encoding="UTF-8"?>
<metadata xml:lang="en"><Esri><CreaDate>20190303</CreaDate><CreaTime>13313300</CreaTime><ArcGISFormat>1.0</ArcGISFormat><SyncOnce>TRUE</SyncOnce><DataProperties><lineage><Process ToolSource="c:\program files\arcgis\pro\Resources\ArcToolbox\toolboxes\Conversion Tools.tbx\RasterToPolygon" Date="20190303" Time="133133">RasterToPolygon greene_reclass_rectified.tif P:\maps\440106_Greene_County\greene\greene_county_service_area.shp SIMPLIFY Value SINGLE_OUTER_PART #</Process><Process Name="Add Fields (multiple)" ToolSource="c:\program files\arcgis\pro\Resources\ArcToolbox\toolboxes\Data Management Tools.tbx\AddFields" Date="20191201" Time="154103">AddFields greene_county_service_area "PWSID TEXT # 255 # #;SystemName TEXT # 255 # #;SourceType TEXT # 255 # #;AreaType TEXT # 255 # #;County TEXT # 255 # #"</Process><Process Name="Calculate Fields (multiple)" ToolSource="c:\program files\arcgis\pro\Resources\ArcToolbox\toolboxes\Data Management Tools.tbx\CalculateFields" Date="20191201" Time="154104">CalculateFields greene_county_service_area PYTHON3 "PWSID '"04-40-106"';SystemName '"Greene Co Regional Water Syst"';SourceType '"Service_Area"';AreaType '"Service_Area_Extent"';County '"Greene"'" #</Process><Process ToolSource="c:\program files\arcgis\pro\Resources\ArcToolbox\toolboxes\Data Management Tools.tbx\DeleteField" Date="20191201" Time="154108">DeleteField greene_county_service_area gridcode</Process></lineage></DataProperties></Esri></metadata>
