<?xml version="1.0" encoding="UTF-8"?>
<metadata xml:lang="en"><Esri><CreaDate>20180915</CreaDate><CreaTime>07484800</CreaTime><ArcGISFormat>1.0</ArcGISFormat><SyncOnce>FALSE</SyncOnce><DataProperties><lineage><Process ToolSource="d:\program files\arcgis\server\ArcToolbox\Toolboxes\Data Management Tools.tbx\AddSpatialIndex" Date="20180915" Time="074848">AddSpatialIndex nc_davidson_parcels_poly_2018_09_11.shp 0 0 0</Process><Process ToolSource="d:\program files\arcgis\server\ArcToolbox\Toolboxes\Data Management Tools.tbx\AddIndex" Date="20180915" Time="074852">AddIndex nc_davidson_parcels_poly_2018_09_11.shp CNTYNAME # NON_UNIQUE NON_ASCENDING</Process><Process ToolSource="c:\program files\arcgis\pro\Resources\ArcToolbox\toolboxes\Data Management Tools.tbx\CopyFeatures" Date="20181020" Time="151434">CopyFeatures nc_davidson_parcels_poly_2018_09_11 "Y:\NC Water Service\NC_City\High Point\davidson_smallpipe_75ft.shp" # # # #</Process><Process ToolSource="c:\program files\arcgis\pro\Resources\ArcToolbox\toolboxes\Data Management Tools.tbx\Merge" Date="20181020" Time="151554">Merge davidson_smallpipe_75ft;davidson_bigpipe_75ft "Y:\NC Water Service\NC_City\High Point\davidson_75ft.shp" "ALTPARNO "ALTPARNO" true true false 25 Text 0 0,First,#,davidson_smallpipe_75ft,ALTPARNO,0,25,davidson_bigpipe_75ft,ALTPARNO,0,25;CNTYFIPS "CNTYFIPS" true true false 3 Text 0 0,First,#,davidson_smallpipe_75ft,CNTYFIPS,0,3,davidson_bigpipe_75ft,CNTYFIPS,0,3;CNTYNAME "CNTYNAME" true true false 50 Text 0 0,First,#,davidson_smallpipe_75ft,CNTYNAME,0,50,davidson_bigpipe_75ft,CNTYNAME,0,50;GISACRES "GISACRES" true true false 19 Double 0 0,First,#,davidson_smallpipe_75ft,GISACRES,-1,-1,davidson_bigpipe_75ft,GISACRES,-1,-1;GNISID "GNISID" true true false 9 Long 0 9,First,#,davidson_smallpipe_75ft,GNISID,-1,-1,davidson_bigpipe_75ft,GNISID,-1,-1;IMPROVVAL "IMPROVVAL" true true false 19 Double 0 0,First,#,davidson_smallpipe_75ft,IMPROVVAL,-1,-1,davidson_bigpipe_75ft,IMPROVVAL,-1,-1;LANDVAL "LANDVAL" true true false 19 Double 0 0,First,#,davidson_smallpipe_75ft,LANDVAL,-1,-1,davidson_bigpipe_75ft,LANDVAL,-1,-1;LEGDECFULL "LEGDECFULL" true true false 254 Text 0 0,First,#,davidson_smallpipe_75ft,LEGDECFULL,0,254,davidson_bigpipe_75ft,LEGDECFULL,0,254;MADDPREF "MADDPREF" true true false 5 Text 0 0,First,#,davidson_smallpipe_75ft,MADDPREF,0,5,davidson_bigpipe_75ft,MADDPREF,0,5;MADDRNO "MADDRNO" true true false 10 Text 0 0,First,#,davidson_smallpipe_75ft,MADDRNO,0,10,davidson_bigpipe_75ft,MADDRNO,0,10;MADDSTNAME "MADDSTNAME" true true false 100 Text 0 0,First,#,davidson_smallpipe_75ft,MADDSTNAME,0,100,davidson_bigpipe_75ft,MADDSTNAME,0,100;MADDSTR "MADDSTR" true true false 50 Text 0 0,First,#,davidson_smallpipe_75ft,MADDSTR,0,50,davidson_bigpipe_75ft,MADDSTR,0,50;MADDSTSUF "MADDSTSUF" true true false 10 Text 0 0,First,#,davidson_smallpipe_75ft,MADDSTSUF,0,10,davidson_bigpipe_75ft,MADDSTSUF,0,10;MADDSTTYP "MADDSTTYP" true true false 10 Text 0 0,First,#,davidson_smallpipe_75ft,MADDSTTYP,0,10,davidson_bigpipe_75ft,MADDSTTYP,0,10;MAILADD "MAILADD" true true false 200 Text 0 0,First,#,davidson_smallpipe_75ft,MAILADD,0,200,davidson_bigpipe_75ft,MAILADD,0,200;MAPREF "MAPREF" true true false 50 Text 0 0,First,#,davidson_smallpipe_75ft,MAPREF,0,50,davidson_bigpipe_75ft,MAPREF,0,50;MCITY "MCITY" true true false 100 Text 0 0,First,#,davidson_smallpipe_75ft,MCITY,0,100,davidson_bigpipe_75ft,MCITY,0,100;MSTATE "MSTATE" true true false 2 Text 0 0,First,#,davidson_smallpipe_75ft,MSTATE,0,2,davidson_bigpipe_75ft,MSTATE,0,2;MULTISTRUC "MULTISTRUC" true true false 1 Text 0 0,First,#,davidson_smallpipe_75ft,MULTISTRUC,0,1,davidson_bigpipe_75ft,MULTISTRUC,0,1;MUNIT "MUNIT" true true false 25 Text 0 0,First,#,davidson_smallpipe_75ft,MUNIT,0,25,davidson_bigpipe_75ft,MUNIT,0,25;MZIP "MZIP" true true false 15 Text 0 0,First,#,davidson_smallpipe_75ft,MZIP,0,15,davidson_bigpipe_75ft,MZIP,0,15;NPARNO "NPARNO" true true false 100 Text 0 0,First,#,davidson_smallpipe_75ft,NPARNO,0,100,davidson_bigpipe_75ft,NPARNO,0,100;OWNFRST "OWNFRST" true true false 100 Text 0 0,First,#,davidson_smallpipe_75ft,OWNFRST,0,100,davidson_bigpipe_75ft,OWNFRST,0,100;OWNLAST "OWNLAST" true true false 100 Text 0 0,First,#,davidson_smallpipe_75ft,OWNLAST,0,100,davidson_bigpipe_75ft,OWNLAST,0,100;OWNNAME "OWNNAME" true true false 200 Text 0 0,First,#,davidson_smallpipe_75ft,OWNNAME,0,200,davidson_bigpipe_75ft,OWNNAME,0,200;OWNNAME2 "OWNNAME2" true true false 200 Text 0 0,First,#,davidson_smallpipe_75ft,OWNNAME2,0,200,davidson_bigpipe_75ft,OWNNAME2,0,200;OWNTYPE "OWNTYPE" true true false 50 Text 0 0,First,#,davidson_smallpipe_75ft,OWNTYPE,0,50,davidson_bigpipe_75ft,OWNTYPE,0,50;PARNO "PARNO" true true false 100 Text 0 0,First,#,davidson_smallpipe_75ft,PARNO,0,100,davidson_bigpipe_75ft,PARNO,0,100;PARUSECD2 "PARUSECD2" true true false 25 Text 0 0,First,#,davidson_smallpipe_75ft,PARUSECD2,0,25,davidson_bigpipe_75ft,PARUSECD2,0,25;PARUSECODE "PARUSECODE" true true false 50 Text 0 0,First,#,davidson_smallpipe_75ft,PARUSECODE,0,50,davidson_bigpipe_75ft,PARUSECODE,0,50;PARUSEDESC "PARUSEDESC" true true false 125 Text 0 0,First,#,davidson_smallpipe_75ft,PARUSEDESC,0,125,davidson_bigpipe_75ft,PARUSEDESC,0,125;PARUSEDSC2 "PARUSEDSC2" true true false 125 Text 0 0,First,#,davidson_smallpipe_75ft,PARUSEDSC2,0,125,davidson_bigpipe_75ft,PARUSEDSC2,0,125;PARVAL "PARVAL" true true false 19 Double 0 0,First,#,davidson_smallpipe_75ft,PARVAL,-1,-1,davidson_bigpipe_75ft,PARVAL,-1,-1;PARVALTYPE "PARVALTYPE" true true false 50 Text 0 0,First,#,davidson_smallpipe_75ft,PARVALTYPE,0,50,davidson_bigpipe_75ft,PARVALTYPE,0,50;PRESENTVAL "PRESENTVAL" true true false 1 Text 0 0,First,#,davidson_smallpipe_75ft,PRESENTVAL,0,1,davidson_bigpipe_75ft,PRESENTVAL,0,1;RECAREANO "RECAREANO" true true false 13 Float 0 0,First,#,davidson_smallpipe_75ft,RECAREANO,-1,-1,davidson_bigpipe_75ft,RECAREANO,-1,-1;RECAREATX "RECAREATX" true true false 25 Text 0 0,First,#,davidson_smallpipe_75ft,RECAREATX,0,25,davidson_bigpipe_75ft,RECAREATX,0,25;REVDATETX "REVDATETX" true true false 25 Text 0 0,First,#,davidson_smallpipe_75ft,REVDATETX,0,25,davidson_bigpipe_75ft,REVDATETX,0,25;REVISEDATE "REVISEDATE" true true false 8 Date 0 0,First,#,davidson_smallpipe_75ft,REVISEDATE,-1,-1,davidson_bigpipe_75ft,REVISEDATE,-1,-1;REVISEYEAR "REVISEYEAR" true true false 25 Text 0 0,First,#,davidson_smallpipe_75ft,REVISEYEAR,0,25,davidson_bigpipe_75ft,REVISEYEAR,0,25;SADDNO "SADDNO" true true false 10 Text 0 0,First,#,davidson_smallpipe_75ft,SADDNO,0,10,davidson_bigpipe_75ft,SADDNO,0,10;SADDPREF "SADDPREF" true true false 5 Text 0 0,First,#,davidson_smallpipe_75ft,SADDPREF,0,5,davidson_bigpipe_75ft,SADDPREF,0,5;SADDSTNAME "SADDSTNAME" true true false 100 Text 0 0,First,#,davidson_smallpipe_75ft,SADDSTNAME,0,100,davidson_bigpipe_75ft,SADDSTNAME,0,100;SADDSTR "SADDSTR" true true false 50 Text 0 0,First,#,davidson_smallpipe_75ft,SADDSTR,0,50,davidson_bigpipe_75ft,SADDSTR,0,50;SADDSTSUF "SADDSTSUF" true true false 10 Text 0 0,First,#,davidson_smallpipe_75ft,SADDSTSUF,0,10,davidson_bigpipe_75ft,SADDSTSUF,0,10;SADDSTTYP "SADDSTTYP" true true false 10 Text 0 0,First,#,davidson_smallpipe_75ft,SADDSTTYP,0,10,davidson_bigpipe_75ft,SADDSTTYP,0,10;SALEDATE "SALEDATE" true true false 8 Date 0 0,First,#,davidson_smallpipe_75ft,SALEDATE,-1,-1,davidson_bigpipe_75ft,SALEDATE,-1,-1;SALEDATETX "SALEDATETX" true true false 25 Text 0 0,First,#,davidson_smallpipe_75ft,SALEDATETX,0,25,davidson_bigpipe_75ft,SALEDATETX,0,25;SCITY "SCITY" true true false 100 Text 0 0,First,#,davidson_smallpipe_75ft,SCITY,0,100,davidson_bigpipe_75ft,SCITY,0,100;SITEADD "SITEADD" true true false 200 Text 0 0,First,#,davidson_smallpipe_75ft,SITEADD,0,200,davidson_bigpipe_75ft,SITEADD,0,200;SOURCEAGNT "SOURCEAGNT" true true false 100 Text 0 0,First,#,davidson_smallpipe_75ft,SOURCEAGNT,0,100,davidson_bigpipe_75ft,SOURCEAGNT,0,100;SOURCEDATE "SOURCEDATE" true true false 8 Date 0 0,First,#,davidson_smallpipe_75ft,SOURCEDATE,-1,-1,davidson_bigpipe_75ft,SOURCEDATE,-1,-1;SOURCEDATX "SOURCEDATX" true true false 25 Text 0 0,First,#,davidson_smallpipe_75ft,SOURCEDATX,0,25,davidson_bigpipe_75ft,SOURCEDATX,0,25;SOURCEREF "SOURCEREF" true true false 50 Text 0 0,First,#,davidson_smallpipe_75ft,SOURCEREF,0,50,davidson_bigpipe_75ft,SOURCEREF,0,50;SSTATE "SSTATE" true true false 25 Text 0 0,First,#,davidson_smallpipe_75ft,SSTATE,0,25,davidson_bigpipe_75ft,SSTATE,0,25;STCNTYFIPS "STCNTYFIPS" true true false 5 Text 0 0,First,#,davidson_smallpipe_75ft,STCNTYFIPS,0,5,davidson_bigpipe_75ft,STCNTYFIPS,0,5;STFIPS "STFIPS" true true false 2 Text 0 0,First,#,davidson_smallpipe_75ft,STFIPS,0,2,davidson_bigpipe_75ft,STFIPS,0,2;STNAME "STNAME" true true false 2 Text 0 0,First,#,davidson_smallpipe_75ft,STNAME,0,2,davidson_bigpipe_75ft,STNAME,0,2;STRUCT "STRUCT" true true false 1 Text 0 0,First,#,davidson_smallpipe_75ft,STRUCT,0,1,davidson_bigpipe_75ft,STRUCT,0,1;STRUCTNO "STRUCTNO" true true false 5 Long 0 5,First,#,davidson_smallpipe_75ft,STRUCTNO,-1,-1,davidson_bigpipe_75ft,STRUCTNO,-1,-1;STRUCTYEAR "STRUCTYEAR" true true false 4 Short 0 4,First,#,davidson_smallpipe_75ft,STRUCTYEAR,-1,-1,davidson_bigpipe_75ft,STRUCTYEAR,-1,-1;SUBDIVISIO "SUBDIVISIO" true true false 50 Text 0 0,First,#,davidson_smallpipe_75ft,SUBDIVISIO,0,50,davidson_bigpipe_75ft,SUBDIVISIO,0,50;SUBOWNTYPE "SUBOWNTYPE" true true false 50 Text 0 0,First,#,davidson_smallpipe_75ft,SUBOWNTYPE,0,50,davidson_bigpipe_75ft,SUBOWNTYPE,0,50;SUBSURFOWN "SUBSURFOWN" true true false 200 Text 0 0,First,#,davidson_smallpipe_75ft,SUBSURFOWN,0,200,davidson_bigpipe_75ft,SUBSURFOWN,0,200;SUNIT "SUNIT" true true false 25 Text 0 0,First,#,davidson_smallpipe_75ft,SUNIT,0,25,davidson_bigpipe_75ft,SUNIT,0,25;SZIP "SZIP" true true false 25 Text 0 0,First,#,davidson_smallpipe_75ft,SZIP,0,25,davidson_bigpipe_75ft,SZIP,0,25;TRANSFDATE "TRANSFDATE" true true false 8 Date 0 0,First,#,davidson_smallpipe_75ft,TRANSFDATE,-1,-1,davidson_bigpipe_75ft,TRANSFDATE,-1,-1"</Process><Process ToolSource="c:\program files\arcgis\pro\Resources\ArcToolbox\toolboxes\Data Management Tools.tbx\Merge" Date="20181020" Time="151756">Merge davidson_75ft;forsyth_75ft;randolph_75ft;guiford_75ft "Y:\NC Water Service\NC_City\High Point\highpoint_servicearea.shp" "ALTPARNO "ALTPARNO" true true false 25 Text 0 0,First,#,davidson_75ft,ALTPARNO,0,25,forsyth_75ft,ALTPARNO,0,25,randolph_75ft,ALTPARNO,0,25,guiford_75ft,ALTPARNO,0,25;CNTYFIPS "CNTYFIPS" true true false 3 Text 0 0,First,#,davidson_75ft,CNTYFIPS,0,3,forsyth_75ft,CNTYFIPS,0,3,randolph_75ft,CNTYFIPS,0,3,guiford_75ft,CNTYFIPS,0,3;CNTYNAME "CNTYNAME" true true false 50 Text 0 0,First,#,davidson_75ft,CNTYNAME,0,50,forsyth_75ft,CNTYNAME,0,50,randolph_75ft,CNTYNAME,0,50,guiford_75ft,CNTYNAME,0,50;GISACRES "GISACRES" true true false 19 Double 0 0,First,#,davidson_75ft,GISACRES,-1,-1,forsyth_75ft,GISACRES,-1,-1,randolph_75ft,GISACRES,-1,-1,guiford_75ft,GISACRES,-1,-1;GNISID "GNISID" true true false 9 Long 0 9,First,#,davidson_75ft,GNISID,-1,-1,forsyth_75ft,GNISID,-1,-1,randolph_75ft,GNISID,-1,-1,guiford_75ft,GNISID,-1,-1;IMPROVVAL "IMPROVVAL" true true false 19 Double 0 0,First,#,davidson_75ft,IMPROVVAL,-1,-1,forsyth_75ft,IMPROVVAL,-1,-1,randolph_75ft,IMPROVVAL,-1,-1,guiford_75ft,IMPROVVAL,-1,-1;LANDVAL "LANDVAL" true true false 19 Double 0 0,First,#,davidson_75ft,LANDVAL,-1,-1,forsyth_75ft,LANDVAL,-1,-1,randolph_75ft,LANDVAL,-1,-1,guiford_75ft,LANDVAL,-1,-1;LEGDECFULL "LEGDECFULL" true true false 254 Text 0 0,First,#,davidson_75ft,LEGDECFULL,0,254,forsyth_75ft,LEGDECFULL,0,254,randolph_75ft,LEGDECFULL,0,254,guiford_75ft,LEGDECFULL,0,254;MADDPREF "MADDPREF" true true false 5 Text 0 0,First,#,davidson_75ft,MADDPREF,0,5,forsyth_75ft,MADDPREF,0,5,randolph_75ft,MADDPREF,0,5,guiford_75ft,MADDPREF,0,5;MADDRNO "MADDRNO" true true false 10 Text 0 0,First,#,davidson_75ft,MADDRNO,0,10,forsyth_75ft,MADDRNO,0,10,randolph_75ft,MADDRNO,0,10,guiford_75ft,MADDRNO,0,10;MADDSTNAME "MADDSTNAME" true true false 100 Text 0 0,First,#,davidson_75ft,MADDSTNAME,0,100,forsyth_75ft,MADDSTNAME,0,100,randolph_75ft,MADDSTNAME,0,100,guiford_75ft,MADDSTNAME,0,100;MADDSTR "MADDSTR" true true false 50 Text 0 0,First,#,davidson_75ft,MADDSTR,0,50,forsyth_75ft,MADDSTR,0,50,randolph_75ft,MADDSTR,0,50,guiford_75ft,MADDSTR,0,50;MADDSTSUF "MADDSTSUF" true true false 10 Text 0 0,First,#,davidson_75ft,MADDSTSUF,0,10,forsyth_75ft,MADDSTSUF,0,10,randolph_75ft,MADDSTSUF,0,10,guiford_75ft,MADDSTSUF,0,10;MADDSTTYP "MADDSTTYP" true true false 10 Text 0 0,First,#,davidson_75ft,MADDSTTYP,0,10,forsyth_75ft,MADDSTTYP,0,10,randolph_75ft,MADDSTTYP,0,10,guiford_75ft,MADDSTTYP,0,10;MAILADD "MAILADD" true true false 200 Text 0 0,First,#,davidson_75ft,MAILADD,0,200,forsyth_75ft,MAILADD,0,200,randolph_75ft,MAILADD,0,200,guiford_75ft,MAILADD,0,200;MAPREF "MAPREF" true true false 50 Text 0 0,First,#,davidson_75ft,MAPREF,0,50,forsyth_75ft,MAPREF,0,50,randolph_75ft,MAPREF,0,50,guiford_75ft,MAPREF,0,50;MCITY "MCITY" true true false 100 Text 0 0,First,#,davidson_75ft,MCITY,0,100,forsyth_75ft,MCITY,0,100,randolph_75ft,MCITY,0,100,guiford_75ft,MCITY,0,100;MSTATE "MSTATE" true true false 2 Text 0 0,First,#,davidson_75ft,MSTATE,0,2,forsyth_75ft,MSTATE,0,2,randolph_75ft,MSTATE,0,2,guiford_75ft,MSTATE,0,2;MULTISTRUC "MULTISTRUC" true true false 1 Text 0 0,First,#,davidson_75ft,MULTISTRUC,0,1,forsyth_75ft,MULTISTRUC,0,1,randolph_75ft,MULTISTRUC,0,1,guiford_75ft,MULTISTRUC,0,1;MUNIT "MUNIT" true true false 25 Text 0 0,First,#,davidson_75ft,MUNIT,0,25,forsyth_75ft,MUNIT,0,25,randolph_75ft,MUNIT,0,25,guiford_75ft,MUNIT,0,25;MZIP "MZIP" true true false 15 Text 0 0,First,#,davidson_75ft,MZIP,0,15,forsyth_75ft,MZIP,0,15,randolph_75ft,MZIP,0,15,guiford_75ft,MZIP,0,15;NPARNO "NPARNO" true true false 100 Text 0 0,First,#,davidson_75ft,NPARNO,0,100,forsyth_75ft,NPARNO,0,100,randolph_75ft,NPARNO,0,100,guiford_75ft,NPARNO,0,100;OWNFRST "OWNFRST" true true false 100 Text 0 0,First,#,davidson_75ft,OWNFRST,0,100,forsyth_75ft,OWNFRST,0,100,randolph_75ft,OWNFRST,0,100,guiford_75ft,OWNFRST,0,100;OWNLAST "OWNLAST" true true false 100 Text 0 0,First,#,davidson_75ft,OWNLAST,0,100,forsyth_75ft,OWNLAST,0,100,randolph_75ft,OWNLAST,0,100,guiford_75ft,OWNLAST,0,100;OWNNAME "OWNNAME" true true false 200 Text 0 0,First,#,davidson_75ft,OWNNAME,0,200,forsyth_75ft,OWNNAME,0,200,randolph_75ft,OWNNAME,0,200,guiford_75ft,OWNNAME,0,200;OWNNAME2 "OWNNAME2" true true false 200 Text 0 0,First,#,davidson_75ft,OWNNAME2,0,200,forsyth_75ft,OWNNAME2,0,200,randolph_75ft,OWNNAME2,0,200,guiford_75ft,OWNNAME2,0,200;OWNTYPE "OWNTYPE" true true false 50 Text 0 0,First,#,davidson_75ft,OWNTYPE,0,50,forsyth_75ft,OWNTYPE,0,50,randolph_75ft,OWNTYPE,0,50,guiford_75ft,OWNTYPE,0,50;PARNO "PARNO" true true false 100 Text 0 0,First,#,davidson_75ft,PARNO,0,100,forsyth_75ft,PARNO,0,100,randolph_75ft,PARNO,0,100,guiford_75ft,PARNO,0,100;PARUSECD2 "PARUSECD2" true true false 25 Text 0 0,First,#,davidson_75ft,PARUSECD2,0,25,forsyth_75ft,PARUSECD2,0,25,randolph_75ft,PARUSECD2,0,25,guiford_75ft,PARUSECD2,0,25;PARUSECODE "PARUSECODE" true true false 50 Text 0 0,First,#,davidson_75ft,PARUSECODE,0,50,forsyth_75ft,PARUSECODE,0,50,randolph_75ft,PARUSECODE,0,50,guiford_75ft,PARUSECODE,0,50;PARUSEDESC "PARUSEDESC" true true false 125 Text 0 0,First,#,davidson_75ft,PARUSEDESC,0,125,forsyth_75ft,PARUSEDESC,0,125,randolph_75ft,PARUSEDESC,0,125,guiford_75ft,PARUSEDESC,0,125;PARUSEDSC2 "PARUSEDSC2" true true false 125 Text 0 0,First,#,davidson_75ft,PARUSEDSC2,0,125,forsyth_75ft,PARUSEDSC2,0,125,randolph_75ft,PARUSEDSC2,0,125,guiford_75ft,PARUSEDSC2,0,125;PARVAL "PARVAL" true true false 19 Double 0 0,First,#,davidson_75ft,PARVAL,-1,-1,forsyth_75ft,PARVAL,-1,-1,randolph_75ft,PARVAL,-1,-1,guiford_75ft,PARVAL,-1,-1;PARVALTYPE "PARVALTYPE" true true false 50 Text 0 0,First,#,davidson_75ft,PARVALTYPE,0,50,forsyth_75ft,PARVALTYPE,0,50,randolph_75ft,PARVALTYPE,0,50,guiford_75ft,PARVALTYPE,0,50;PRESENTVAL "PRESENTVAL" true true false 1 Text 0 0,First,#,davidson_75ft,PRESENTVAL,0,1,forsyth_75ft,PRESENTVAL,0,1,randolph_75ft,PRESENTVAL,0,1,guiford_75ft,PRESENTVAL,0,1;RECAREANO "RECAREANO" true true false 13 Float 0 0,First,#,davidson_75ft,RECAREANO,-1,-1,forsyth_75ft,RECAREANO,-1,-1,randolph_75ft,RECAREANO,-1,-1,guiford_75ft,RECAREANO,-1,-1;RECAREATX "RECAREATX" true true false 25 Text 0 0,First,#,davidson_75ft,RECAREATX,0,25,forsyth_75ft,RECAREATX,0,25,randolph_75ft,RECAREATX,0,25,guiford_75ft,RECAREATX,0,25;REVDATETX "REVDATETX" true true false 25 Text 0 0,First,#,davidson_75ft,REVDATETX,0,25,forsyth_75ft,REVDATETX,0,25,randolph_75ft,REVDATETX,0,25,guiford_75ft,REVDATETX,0,25;REVISEDATE "REVISEDATE" true true false 8 Date 0 0,First,#,davidson_75ft,REVISEDATE,-1,-1,forsyth_75ft,REVISEDATE,-1,-1,randolph_75ft,REVISEDATE,-1,-1,guiford_75ft,REVISEDATE,-1,-1;REVISEYEAR "REVISEYEAR" true true false 25 Text 0 0,First,#,davidson_75ft,REVISEYEAR,0,25,forsyth_75ft,REVISEYEAR,0,25,randolph_75ft,REVISEYEAR,0,25,guiford_75ft,REVISEYEAR,0,25;SADDNO "SADDNO" true true false 10 Text 0 0,First,#,davidson_75ft,SADDNO,0,10,forsyth_75ft,SADDNO,0,10,randolph_75ft,SADDNO,0,10,guiford_75ft,SADDNO,0,10;SADDPREF "SADDPREF" true true false 5 Text 0 0,First,#,davidson_75ft,SADDPREF,0,5,forsyth_75ft,SADDPREF,0,5,randolph_75ft,SADDPREF,0,5,guiford_75ft,SADDPREF,0,5;SADDSTNAME "SADDSTNAME" true true false 100 Text 0 0,First,#,davidson_75ft,SADDSTNAME,0,100,forsyth_75ft,SADDSTNAME,0,100,randolph_75ft,SADDSTNAME,0,100,guiford_75ft,SADDSTNAME,0,100;SADDSTR "SADDSTR" true true false 50 Text 0 0,First,#,davidson_75ft,SADDSTR,0,50,forsyth_75ft,SADDSTR,0,50,randolph_75ft,SADDSTR,0,50,guiford_75ft,SADDSTR,0,50;SADDSTSUF "SADDSTSUF" true true false 10 Text 0 0,First,#,davidson_75ft,SADDSTSUF,0,10,forsyth_75ft,SADDSTSUF,0,10,randolph_75ft,SADDSTSUF,0,10,guiford_75ft,SADDSTSUF,0,10;SADDSTTYP "SADDSTTYP" true true false 10 Text 0 0,First,#,davidson_75ft,SADDSTTYP,0,10,forsyth_75ft,SADDSTTYP,0,10,randolph_75ft,SADDSTTYP,0,10,guiford_75ft,SADDSTTYP,0,10;SALEDATE "SALEDATE" true true false 8 Date 0 0,First,#,davidson_75ft,SALEDATE,-1,-1,forsyth_75ft,SALEDATE,-1,-1,randolph_75ft,SALEDATE,-1,-1,guiford_75ft,SALEDATE,-1,-1;SALEDATETX "SALEDATETX" true true false 25 Text 0 0,First,#,davidson_75ft,SALEDATETX,0,25,forsyth_75ft,SALEDATETX,0,25,randolph_75ft,SALEDATETX,0,25,guiford_75ft,SALEDATETX,0,25;SCITY "SCITY" true true false 100 Text 0 0,First,#,davidson_75ft,SCITY,0,100,forsyth_75ft,SCITY,0,100,randolph_75ft,SCITY,0,100,guiford_75ft,SCITY,0,100;SITEADD "SITEADD" true true false 200 Text 0 0,First,#,davidson_75ft,SITEADD,0,200,forsyth_75ft,SITEADD,0,200,randolph_75ft,SITEADD,0,200,guiford_75ft,SITEADD,0,200;SOURCEAGNT "SOURCEAGNT" true true false 100 Text 0 0,First,#,davidson_75ft,SOURCEAGNT,0,100,forsyth_75ft,SOURCEAGNT,0,100,randolph_75ft,SOURCEAGNT,0,100,guiford_75ft,SOURCEAGNT,0,100;SOURCEDATE "SOURCEDATE" true true false 8 Date 0 0,First,#,davidson_75ft,SOURCEDATE,-1,-1,forsyth_75ft,SOURCEDATE,-1,-1,randolph_75ft,SOURCEDATE,-1,-1,guiford_75ft,SOURCEDATE,-1,-1;SOURCEDATX "SOURCEDATX" true true false 25 Text 0 0,First,#,davidson_75ft,SOURCEDATX,0,25,forsyth_75ft,SOURCEDATX,0,25,randolph_75ft,SOURCEDATX,0,25,guiford_75ft,SOURCEDATX,0,25;SOURCEREF "SOURCEREF" true true false 50 Text 0 0,First,#,davidson_75ft,SOURCEREF,0,50,forsyth_75ft,SOURCEREF,0,50,randolph_75ft,SOURCEREF,0,50,guiford_75ft,SOURCEREF,0,50;SSTATE "SSTATE" true true false 25 Text 0 0,First,#,davidson_75ft,SSTATE,0,25,forsyth_75ft,SSTATE,0,25,randolph_75ft,SSTATE,0,25,guiford_75ft,SSTATE,0,25;STCNTYFIPS "STCNTYFIPS" true true false 5 Text 0 0,First,#,davidson_75ft,STCNTYFIPS,0,5,forsyth_75ft,STCNTYFIPS,0,5,randolph_75ft,STCNTYFIPS,0,5,guiford_75ft,STCNTYFIPS,0,5;STFIPS "STFIPS" true true false 2 Text 0 0,First,#,davidson_75ft,STFIPS,0,2,forsyth_75ft,STFIPS,0,2,randolph_75ft,STFIPS,0,2,guiford_75ft,STFIPS,0,2;STNAME "STNAME" true true false 2 Text 0 0,First,#,davidson_75ft,STNAME,0,2,forsyth_75ft,STNAME,0,2,randolph_75ft,STNAME,0,2,guiford_75ft,STNAME,0,2;STRUCT "STRUCT" true true false 1 Text 0 0,First,#,davidson_75ft,STRUCT,0,1,forsyth_75ft,STRUCT,0,1,randolph_75ft,STRUCT,0,1,guiford_75ft,STRUCT,0,1;STRUCTNO "STRUCTNO" true true false 5 Long 0 5,First,#,davidson_75ft,STRUCTNO,-1,-1,forsyth_75ft,STRUCTNO,-1,-1,randolph_75ft,STRUCTNO,-1,-1,guiford_75ft,STRUCTNO,-1,-1;STRUCTYEAR "STRUCTYEAR" true true false 4 Short 0 4,First,#,davidson_75ft,STRUCTYEAR,-1,-1,forsyth_75ft,STRUCTYEAR,-1,-1,randolph_75ft,STRUCTYEAR,-1,-1,guiford_75ft,STRUCTYEAR,-1,-1;SUBDIVISIO "SUBDIVISIO" true true false 50 Text 0 0,First,#,davidson_75ft,SUBDIVISIO,0,50,forsyth_75ft,SUBDIVISIO,0,50,randolph_75ft,SUBDIVISIO,0,50,guiford_75ft,SUBDIVISIO,0,50;SUBOWNTYPE "SUBOWNTYPE" true true false 50 Text 0 0,First,#,davidson_75ft,SUBOWNTYPE,0,50,forsyth_75ft,SUBOWNTYPE,0,50,randolph_75ft,SUBOWNTYPE,0,50,guiford_75ft,SUBOWNTYPE,0,50;SUBSURFOWN "SUBSURFOWN" true true false 200 Text 0 0,First,#,davidson_75ft,SUBSURFOWN,0,200,forsyth_75ft,SUBSURFOWN,0,200,randolph_75ft,SUBSURFOWN,0,200,guiford_75ft,SUBSURFOWN,0,200;SUNIT "SUNIT" true true false 25 Text 0 0,First,#,davidson_75ft,SUNIT,0,25,forsyth_75ft,SUNIT,0,25,randolph_75ft,SUNIT,0,25,guiford_75ft,SUNIT,0,25;SZIP "SZIP" true true false 25 Text 0 0,First,#,davidson_75ft,SZIP,0,25,forsyth_75ft,SZIP,0,25,randolph_75ft,SZIP,0,25,guiford_75ft,SZIP,0,25;TRANSFDATE "TRANSFDATE" true true false 8 Date 0 0,First,#,davidson_75ft,TRANSFDATE,-1,-1,forsyth_75ft,TRANSFDATE,-1,-1,randolph_75ft,TRANSFDATE,-1,-1,guiford_75ft,TRANSFDATE,-1,-1;NEAR_FID "NEAR_FID" true true false 10 Long 0 10,First,#,randolph_75ft,NEAR_FID,-1,-1,guiford_75ft,NEAR_FID,-1,-1;NEAR_DIST "NEAR_DIST" true true false 19 Double 0 0,First,#,randolph_75ft,NEAR_DIST,-1,-1,guiford_75ft,NEAR_DIST,-1,-1;NEAR_X "NEAR_X" true true false 19 Double 0 0,First,#,randolph_75ft,NEAR_X,-1,-1,guiford_75ft,NEAR_X,-1,-1;NEAR_Y "NEAR_Y" true true false 19 Double 0 0,First,#,randolph_75ft,NEAR_Y,-1,-1,guiford_75ft,NEAR_Y,-1,-1"</Process><Process ToolSource="c:\program files\arcgis\pro\Resources\ArcToolbox\Toolboxes\Data Management Tools.tbx\DeleteField" Date="20191111" Time="135229">DeleteField highpoint_servicearea CNTYNAME</Process><Process ToolSource="c:\program files\arcgis\pro\Resources\ArcToolbox\Toolboxes\Data Management Tools.tbx\DeleteField" Date="20191111" Time="135234">DeleteField highpoint_servicearea CNTYFIPS</Process><Process ToolSource="c:\program files\arcgis\pro\Resources\ArcToolbox\Toolboxes\Data Management Tools.tbx\DeleteField" Date="20191111" Time="135245">DeleteField highpoint_servicearea GISACRES;GNISID</Process><Process ToolSource="c:\program files\arcgis\pro\Resources\ArcToolbox\Toolboxes\Data Management Tools.tbx\DeleteField" Date="20191111" Time="135257">DeleteField highpoint_servicearea ALTPARNO;LANDVAL;LEGDECFULL;MADDPREF;MADDRNO;MADDSTNAME;IMPROVVAL;MADDSTSUF;MADDSTTYP</Process><Process ToolSource="c:\program files\arcgis\pro\Resources\ArcToolbox\Toolboxes\Data Management Tools.tbx\DeleteField" Date="20191111" Time="135314">DeleteField highpoint_servicearea MADDSTR;MAILADD;MAPREF;MCITY;MSTATE;MULTISTRUC;MUNIT;MZIP;NPARNO;OWNFRST</Process><Process ToolSource="c:\program files\arcgis\pro\Resources\ArcToolbox\Toolboxes\Data Management Tools.tbx\DeleteField" Date="20191111" Time="135324">DeleteField highpoint_servicearea OWNLAST;OWNNAME;OWNNAME2;OWNTYPE;PARNO;PARUSECD2;PARUSECODE;PARUSEDESC;PARUSEDSC2</Process><Process ToolSource="c:\program files\arcgis\pro\Resources\ArcToolbox\Toolboxes\Data Management Tools.tbx\DeleteField" Date="20191111" Time="135335">DeleteField highpoint_servicearea PARVALTYPE;PRESENTVAL;RECAREANO;RECAREATX;REVDATETX;REVISEDATE;REVISEYEAR;SADDNO;SADDPREF;SADDSTNAME;SADDSTR</Process><Process ToolSource="c:\program files\arcgis\pro\Resources\ArcToolbox\Toolboxes\Data Management Tools.tbx\DeleteField" Date="20191111" Time="135345">DeleteField highpoint_servicearea SADDSTSUF;SADDSTTYP;SALEDATE;SALEDATETX;SCITY;SITEADD;SOURCEAGNT;SOURCEDATE;SOURCEDATX;SOURCEREF;SSTATE</Process><Process ToolSource="c:\program files\arcgis\pro\Resources\ArcToolbox\Toolboxes\Data Management Tools.tbx\DeleteField" Date="20191111" Time="135358">DeleteField highpoint_servicearea PARVAL;STCNTYFIPS;STFIPS;STNAME;STRUCT;STRUCTNO;STRUCTYEAR;SUBDIVISIO;SUBOWNTYPE;SUBSURFOWN;SUNIT;SZIP;TRANSFDATE;NEAR_FID</Process><Process Name="Add Fields (multiple)" ToolSource="c:\program files\arcgis\pro\Resources\ArcToolbox\toolboxes\Data Management Tools.tbx\AddFields" Date="20191111" Time="140755">AddFields highpoint_servicearea "PWSID TEXT # 255 # #;SystemName TEXT # 255 # #;SourceType TEXT # 255 # #;AreaType TEXT # 255 # #;County TEXT # 255 # #"</Process><Process Name="Calculate Fields (multiple)" ToolSource="c:\program files\arcgis\pro\Resources\ArcToolbox\toolboxes\Data Management Tools.tbx\CalculateFields" Date="20191111" Time="140756">CalculateFields highpoint_servicearea PYTHON3 "PWSID '"02-41-020"';SystemName '"Highpoint"';SourceType '"Shapefile"';AreaType '"Service_Area_Extent"';County '"Guilford"'" #</Process><Process ToolSource="c:\program files\arcgis\pro\Resources\ArcToolbox\Toolboxes\Data Management Tools.tbx\DeleteField" Date="20191111" Time="140933">DeleteField highpoint_servicearea NEAR_Y</Process></lineage><itemProps><itemName Sync="TRUE">highpoint_servicearea</itemName><imsContentType Sync="TRUE">002</imsContentType><itemSize Sync="TRUE">0.000</itemSize><itemLocation><linkage Sync="TRUE">file://\\homedir.oit.duke.edu\users\w\wx48\AFSDocs\NC Water Service\NC_City\High Point\highpoint_servicearea.shp</linkage><protocol Sync="TRUE">Local Area Network</protocol></itemLocation></itemProps><coordRef><type Sync="TRUE">Projected</type><geogcsn Sync="TRUE">GCS_North_American_1983</geogcsn><csUnits Sync="TRUE">Linear Unit: Foot_US (0.304801)</csUnits><projcsn Sync="TRUE">NAD_1983_StatePlane_North_Carolina_FIPS_3200_Feet</projcsn><peXml Sync="TRUE">&lt;ProjectedCoordinateSystem xsi:type='typens:ProjectedCoordinateSystem' xmlns:xsi='http://www.w3.org/2001/XMLSchema-instance' xmlns:xs='http://www.w3.org/2001/XMLSchema' xmlns:typens='http://www.esri.com/schemas/ArcGIS/2.2.0'&gt;&lt;WKT&gt;PROJCS[&amp;quot;NAD_1983_StatePlane_North_Carolina_FIPS_3200_Feet&amp;quot;,GEOGCS[&amp;quot;GCS_North_American_1983&amp;quot;,DATUM[&amp;quot;D_North_American_1983&amp;quot;,SPHEROID[&amp;quot;GRS_1980&amp;quot;,6378137.0,298.257222101]],PRIMEM[&amp;quot;Greenwich&amp;quot;,0.0],UNIT[&amp;quot;Degree&amp;quot;,0.0174532925199433]],PROJECTION[&amp;quot;Lambert_Conformal_Conic&amp;quot;],PARAMETER[&amp;quot;False_Easting&amp;quot;,2000000.002616666],PARAMETER[&amp;quot;False_Northing&amp;quot;,0.0],PARAMETER[&amp;quot;Central_Meridian&amp;quot;,-79.0],PARAMETER[&amp;quot;Standard_Parallel_1&amp;quot;,34.33333333333334],PARAMETER[&amp;quot;Standard_Parallel_2&amp;quot;,36.16666666666666],PARAMETER[&amp;quot;Latitude_Of_Origin&amp;quot;,33.75],UNIT[&amp;quot;Foot_US&amp;quot;,0.3048006096012192],AUTHORITY[&amp;quot;EPSG&amp;quot;,2264]]&lt;/WKT&gt;&lt;XOrigin&gt;-121841900&lt;/XOrigin&gt;&lt;YOrigin&gt;-93659000&lt;/YOrigin&gt;&lt;XYScale&gt;36365718.124241434&lt;/XYScale&gt;&lt;ZOrigin&gt;-100000&lt;/ZOrigin&gt;&lt;ZScale&gt;10000&lt;/ZScale&gt;&lt;MOrigin&gt;-100000&lt;/MOrigin&gt;&lt;MScale&gt;10000&lt;/MScale&gt;&lt;XYTolerance&gt;0.0032808333333333331&lt;/XYTolerance&gt;&lt;ZTolerance&gt;0.001&lt;/ZTolerance&gt;&lt;MTolerance&gt;0.001&lt;/MTolerance&gt;&lt;HighPrecision&gt;true&lt;/HighPrecision&gt;&lt;WKID&gt;102719&lt;/WKID&gt;&lt;LatestWKID&gt;2264&lt;/LatestWKID&gt;&lt;/ProjectedCoordinateSystem&gt;</peXml></coordRef></DataProperties><SyncDate>20181020</SyncDate><SyncTime>15174100</SyncTime><ModDate>20181020</ModDate><ModTime>15174100</ModTime></Esri><dataIdInfo><envirDesc Sync="TRUE">Microsoft Windows 10 Version 10.0 (Build 14393) ; Esri ArcGIS 12.2.1.12813</envirDesc><dataLang><languageCode value="eng" Sync="TRUE"></languageCode><countryCode value="USA" Sync="TRUE"></countryCode></dataLang><idCitation><resTitle Sync="TRUE">highpoint_servicearea</resTitle><presForm><PresFormCd value="005" Sync="TRUE"></PresFormCd></presForm></idCitation><spatRpType><SpatRepTypCd value="001" Sync="TRUE"></SpatRepTypCd></spatRpType></dataIdInfo><mdLang><languageCode value="eng" Sync="TRUE"></languageCode><countryCode value="USA" Sync="TRUE"></countryCode></mdLang><mdChar><CharSetCd value="004" Sync="TRUE"></CharSetCd></mdChar><distInfo><distFormat><formatName Sync="TRUE">Shapefile</formatName></distFormat><distTranOps><transSize Sync="TRUE">0.000</transSize></distTranOps></distInfo><mdHrLv><ScopeCd value="005" Sync="TRUE"></ScopeCd></mdHrLv><mdHrLvName Sync="TRUE">dataset</mdHrLvName><refSysInfo><RefSystem><refSysID><identCode code="2264" Sync="TRUE"></identCode><idCodeSpace Sync="TRUE">EPSG</idCodeSpace><idVersion Sync="TRUE">6.12(9.0.0)</idVersion></refSysID></RefSystem></refSysInfo><spatRepInfo><VectSpatRep><geometObjs Name="highpoint_servicearea"><geoObjTyp><GeoObjTypCd value="002" Sync="TRUE"></GeoObjTypCd></geoObjTyp><geoObjCnt Sync="TRUE">0</geoObjCnt></geometObjs><topLvl><TopoLevCd value="001" Sync="TRUE"></TopoLevCd></topLvl></VectSpatRep></spatRepInfo><spdoinfo><ptvctinf><esriterm Name="highpoint_servicearea"><efeatyp Sync="TRUE">Simple</efeatyp><efeageom code="4" Sync="TRUE"></efeageom><esritopo Sync="TRUE">FALSE</esritopo><efeacnt Sync="TRUE">0</efeacnt><spindex Sync="TRUE">FALSE</spindex><linrefer Sync="TRUE">FALSE</linrefer></esriterm></ptvctinf></spdoinfo><eainfo><detailed Name="highpoint_servicearea"><enttyp><enttypl Sync="TRUE">highpoint_servicearea</enttypl><enttypt Sync="TRUE">Feature Class</enttypt><enttypc Sync="TRUE">0</enttypc></enttyp><attr><attrlabl Sync="TRUE">FID</attrlabl><attalias Sync="TRUE">FID</attalias><attrtype Sync="TRUE">OID</attrtype><attwidth Sync="TRUE">4</attwidth><atprecis Sync="TRUE">0</atprecis><attscale Sync="TRUE">0</attscale><attrdef Sync="TRUE">Internal feature number.</attrdef><attrdefs Sync="TRUE">Esri</attrdefs><attrdomv><udom Sync="TRUE">Sequential unique whole numbers that are automatically generated.</udom></attrdomv></attr><attr><attrlabl Sync="TRUE">Shape</attrlabl><attalias Sync="TRUE">Shape</attalias><attrtype Sync="TRUE">Geometry</attrtype><attwidth Sync="TRUE">0</attwidth><atprecis Sync="TRUE">0</atprecis><attscale Sync="TRUE">0</attscale><attrdef Sync="TRUE">Feature geometry.</attrdef><attrdefs Sync="TRUE">Esri</attrdefs><attrdomv><udom Sync="TRUE">Coordinates defining the features.</udom></attrdomv></attr><attr><attrlabl Sync="TRUE">ALTPARNO</attrlabl><attalias Sync="TRUE">ALTPARNO</attalias><attrtype Sync="TRUE">String</attrtype><attwidth Sync="TRUE">25</attwidth><atprecis Sync="TRUE">0</atprecis><attscale Sync="TRUE">0</attscale></attr><attr><attrlabl Sync="TRUE">CNTYFIPS</attrlabl><attalias Sync="TRUE">CNTYFIPS</attalias><attrtype Sync="TRUE">String</attrtype><attwidth Sync="TRUE">3</attwidth><atprecis Sync="TRUE">0</atprecis><attscale Sync="TRUE">0</attscale></attr><attr><attrlabl Sync="TRUE">CNTYNAME</attrlabl><attalias Sync="TRUE">CNTYNAME</attalias><attrtype Sync="TRUE">String</attrtype><attwidth Sync="TRUE">50</attwidth><atprecis Sync="TRUE">0</atprecis><attscale Sync="TRUE">0</attscale></attr><attr><attrlabl Sync="TRUE">GISACRES</attrlabl><attalias Sync="TRUE">GISACRES</attalias><attrtype Sync="TRUE">Double</attrtype><attwidth Sync="TRUE">19</attwidth><atprecis Sync="TRUE">0</atprecis><attscale Sync="TRUE">0</attscale></attr><attr><attrlabl Sync="TRUE">GNISID</attrlabl><attalias Sync="TRUE">GNISID</attalias><attrtype Sync="TRUE">Integer</attrtype><attwidth Sync="TRUE">9</attwidth><atprecis Sync="TRUE">9</atprecis><attscale Sync="TRUE">0</attscale></attr><attr><attrlabl Sync="TRUE">IMPROVVAL</attrlabl><attalias Sync="TRUE">IMPROVVAL</attalias><attrtype Sync="TRUE">Double</attrtype><attwidth Sync="TRUE">19</attwidth><atprecis Sync="TRUE">0</atprecis><attscale Sync="TRUE">0</attscale></attr><attr><attrlabl Sync="TRUE">LANDVAL</attrlabl><attalias Sync="TRUE">LANDVAL</attalias><attrtype Sync="TRUE">Double</attrtype><attwidth Sync="TRUE">19</attwidth><atprecis Sync="TRUE">0</atprecis><attscale Sync="TRUE">0</attscale></attr><attr><attrlabl Sync="TRUE">LEGDECFULL</attrlabl><attalias Sync="TRUE">LEGDECFULL</attalias><attrtype Sync="TRUE">String</attrtype><attwidth Sync="TRUE">254</attwidth><atprecis Sync="TRUE">0</atprecis><attscale Sync="TRUE">0</attscale></attr><attr><attrlabl Sync="TRUE">MADDPREF</attrlabl><attalias Sync="TRUE">MADDPREF</attalias><attrtype Sync="TRUE">String</attrtype><attwidth Sync="TRUE">5</attwidth><atprecis Sync="TRUE">0</atprecis><attscale Sync="TRUE">0</attscale></attr><attr><attrlabl Sync="TRUE">MADDRNO</attrlabl><attalias Sync="TRUE">MADDRNO</attalias><attrtype Sync="TRUE">String</attrtype><attwidth Sync="TRUE">10</attwidth><atprecis Sync="TRUE">0</atprecis><attscale Sync="TRUE">0</attscale></attr><attr><attrlabl Sync="TRUE">MADDSTNAME</attrlabl><attalias Sync="TRUE">MADDSTNAME</attalias><attrtype Sync="TRUE">String</attrtype><attwidth Sync="TRUE">100</attwidth><atprecis Sync="TRUE">0</atprecis><attscale Sync="TRUE">0</attscale></attr><attr><attrlabl Sync="TRUE">MADDSTR</attrlabl><attalias Sync="TRUE">MADDSTR</attalias><attrtype Sync="TRUE">String</attrtype><attwidth Sync="TRUE">50</attwidth><atprecis Sync="TRUE">0</atprecis><attscale Sync="TRUE">0</attscale></attr><attr><attrlabl Sync="TRUE">MADDSTSUF</attrlabl><attalias Sync="TRUE">MADDSTSUF</attalias><attrtype Sync="TRUE">String</attrtype><attwidth Sync="TRUE">10</attwidth><atprecis Sync="TRUE">0</atprecis><attscale Sync="TRUE">0</attscale></attr><attr><attrlabl Sync="TRUE">MADDSTTYP</attrlabl><attalias Sync="TRUE">MADDSTTYP</attalias><attrtype Sync="TRUE">String</attrtype><attwidth Sync="TRUE">10</attwidth><atprecis Sync="TRUE">0</atprecis><attscale Sync="TRUE">0</attscale></attr><attr><attrlabl Sync="TRUE">MAILADD</attrlabl><attalias Sync="TRUE">MAILADD</attalias><attrtype Sync="TRUE">String</attrtype><attwidth Sync="TRUE">200</attwidth><atprecis Sync="TRUE">0</atprecis><attscale Sync="TRUE">0</attscale></attr><attr><attrlabl Sync="TRUE">MAPREF</attrlabl><attalias Sync="TRUE">MAPREF</attalias><attrtype Sync="TRUE">String</attrtype><attwidth Sync="TRUE">50</attwidth><atprecis Sync="TRUE">0</atprecis><attscale Sync="TRUE">0</attscale></attr><attr><attrlabl Sync="TRUE">MCITY</attrlabl><attalias Sync="TRUE">MCITY</attalias><attrtype Sync="TRUE">String</attrtype><attwidth Sync="TRUE">100</attwidth><atprecis Sync="TRUE">0</atprecis><attscale Sync="TRUE">0</attscale></attr><attr><attrlabl Sync="TRUE">MSTATE</attrlabl><attalias Sync="TRUE">MSTATE</attalias><attrtype Sync="TRUE">String</attrtype><attwidth Sync="TRUE">2</attwidth><atprecis Sync="TRUE">0</atprecis><attscale Sync="TRUE">0</attscale></attr><attr><attrlabl Sync="TRUE">MULTISTRUC</attrlabl><attalias Sync="TRUE">MULTISTRUC</attalias><attrtype Sync="TRUE">String</attrtype><attwidth Sync="TRUE">1</attwidth><atprecis Sync="TRUE">0</atprecis><attscale Sync="TRUE">0</attscale></attr><attr><attrlabl Sync="TRUE">MUNIT</attrlabl><attalias Sync="TRUE">MUNIT</attalias><attrtype Sync="TRUE">String</attrtype><attwidth Sync="TRUE">25</attwidth><atprecis Sync="TRUE">0</atprecis><attscale Sync="TRUE">0</attscale></attr><attr><attrlabl Sync="TRUE">MZIP</attrlabl><attalias Sync="TRUE">MZIP</attalias><attrtype Sync="TRUE">String</attrtype><attwidth Sync="TRUE">15</attwidth><atprecis Sync="TRUE">0</atprecis><attscale Sync="TRUE">0</attscale></attr><attr><attrlabl Sync="TRUE">NPARNO</attrlabl><attalias Sync="TRUE">NPARNO</attalias><attrtype Sync="TRUE">String</attrtype><attwidth Sync="TRUE">100</attwidth><atprecis Sync="TRUE">0</atprecis><attscale Sync="TRUE">0</attscale></attr><attr><attrlabl Sync="TRUE">OWNFRST</attrlabl><attalias Sync="TRUE">OWNFRST</attalias><attrtype Sync="TRUE">String</attrtype><attwidth Sync="TRUE">100</attwidth><atprecis Sync="TRUE">0</atprecis><attscale Sync="TRUE">0</attscale></attr><attr><attrlabl Sync="TRUE">OWNLAST</attrlabl><attalias Sync="TRUE">OWNLAST</attalias><attrtype Sync="TRUE">String</attrtype><attwidth Sync="TRUE">100</attwidth><atprecis Sync="TRUE">0</atprecis><attscale Sync="TRUE">0</attscale></attr><attr><attrlabl Sync="TRUE">OWNNAME</attrlabl><attalias Sync="TRUE">OWNNAME</attalias><attrtype Sync="TRUE">String</attrtype><attwidth Sync="TRUE">200</attwidth><atprecis Sync="TRUE">0</atprecis><attscale Sync="TRUE">0</attscale></attr><attr><attrlabl Sync="TRUE">OWNNAME2</attrlabl><attalias Sync="TRUE">OWNNAME2</attalias><attrtype Sync="TRUE">String</attrtype><attwidth Sync="TRUE">200</attwidth><atprecis Sync="TRUE">0</atprecis><attscale Sync="TRUE">0</attscale></attr><attr><attrlabl Sync="TRUE">OWNTYPE</attrlabl><attalias Sync="TRUE">OWNTYPE</attalias><attrtype Sync="TRUE">String</attrtype><attwidth Sync="TRUE">50</attwidth><atprecis Sync="TRUE">0</atprecis><attscale Sync="TRUE">0</attscale></attr><attr><attrlabl Sync="TRUE">PARNO</attrlabl><attalias Sync="TRUE">PARNO</attalias><attrtype Sync="TRUE">String</attrtype><attwidth Sync="TRUE">100</attwidth><atprecis Sync="TRUE">0</atprecis><attscale Sync="TRUE">0</attscale></attr><attr><attrlabl Sync="TRUE">PARUSECD2</attrlabl><attalias Sync="TRUE">PARUSECD2</attalias><attrtype Sync="TRUE">String</attrtype><attwidth Sync="TRUE">25</attwidth><atprecis Sync="TRUE">0</atprecis><attscale Sync="TRUE">0</attscale></attr><attr><attrlabl Sync="TRUE">PARUSECODE</attrlabl><attalias Sync="TRUE">PARUSECODE</attalias><attrtype Sync="TRUE">String</attrtype><attwidth Sync="TRUE">50</attwidth><atprecis Sync="TRUE">0</atprecis><attscale Sync="TRUE">0</attscale></attr><attr><attrlabl Sync="TRUE">PARUSEDESC</attrlabl><attalias Sync="TRUE">PARUSEDESC</attalias><attrtype Sync="TRUE">String</attrtype><attwidth Sync="TRUE">125</attwidth><atprecis Sync="TRUE">0</atprecis><attscale Sync="TRUE">0</attscale></attr><attr><attrlabl Sync="TRUE">PARUSEDSC2</attrlabl><attalias Sync="TRUE">PARUSEDSC2</attalias><attrtype Sync="TRUE">String</attrtype><attwidth Sync="TRUE">125</attwidth><atprecis Sync="TRUE">0</atprecis><attscale Sync="TRUE">0</attscale></attr><attr><attrlabl Sync="TRUE">PARVAL</attrlabl><attalias Sync="TRUE">PARVAL</attalias><attrtype Sync="TRUE">Double</attrtype><attwidth Sync="TRUE">19</attwidth><atprecis Sync="TRUE">0</atprecis><attscale Sync="TRUE">0</attscale></attr><attr><attrlabl Sync="TRUE">PARVALTYPE</attrlabl><attalias Sync="TRUE">PARVALTYPE</attalias><attrtype Sync="TRUE">String</attrtype><attwidth Sync="TRUE">50</attwidth><atprecis Sync="TRUE">0</atprecis><attscale Sync="TRUE">0</attscale></attr><attr><attrlabl Sync="TRUE">PRESENTVAL</attrlabl><attalias Sync="TRUE">PRESENTVAL</attalias><attrtype Sync="TRUE">String</attrtype><attwidth Sync="TRUE">1</attwidth><atprecis Sync="TRUE">0</atprecis><attscale Sync="TRUE">0</attscale></attr><attr><attrlabl Sync="TRUE">RECAREANO</attrlabl><attalias Sync="TRUE">RECAREANO</attalias><attrtype Sync="TRUE">Single</attrtype><attwidth Sync="TRUE">13</attwidth><atprecis Sync="TRUE">0</atprecis><attscale Sync="TRUE">0</attscale></attr><attr><attrlabl Sync="TRUE">RECAREATX</attrlabl><attalias Sync="TRUE">RECAREATX</attalias><attrtype Sync="TRUE">String</attrtype><attwidth Sync="TRUE">25</attwidth><atprecis Sync="TRUE">0</atprecis><attscale Sync="TRUE">0</attscale></attr><attr><attrlabl Sync="TRUE">REVDATETX</attrlabl><attalias Sync="TRUE">REVDATETX</attalias><attrtype Sync="TRUE">String</attrtype><attwidth Sync="TRUE">25</attwidth><atprecis Sync="TRUE">0</atprecis><attscale Sync="TRUE">0</attscale></attr><attr><attrlabl Sync="TRUE">REVISEDATE</attrlabl><attalias Sync="TRUE">REVISEDATE</attalias><attrtype Sync="TRUE">Date</attrtype><attwidth Sync="TRUE">8</attwidth><atprecis Sync="TRUE">0</atprecis><attscale Sync="TRUE">0</attscale></attr><attr><attrlabl Sync="TRUE">REVISEYEAR</attrlabl><attalias Sync="TRUE">REVISEYEAR</attalias><attrtype Sync="TRUE">String</attrtype><attwidth Sync="TRUE">25</attwidth><atprecis Sync="TRUE">0</atprecis><attscale Sync="TRUE">0</attscale></attr><attr><attrlabl Sync="TRUE">SADDNO</attrlabl><attalias Sync="TRUE">SADDNO</attalias><attrtype Sync="TRUE">String</attrtype><attwidth Sync="TRUE">10</attwidth><atprecis Sync="TRUE">0</atprecis><attscale Sync="TRUE">0</attscale></attr><attr><attrlabl Sync="TRUE">SADDPREF</attrlabl><attalias Sync="TRUE">SADDPREF</attalias><attrtype Sync="TRUE">String</attrtype><attwidth Sync="TRUE">5</attwidth><atprecis Sync="TRUE">0</atprecis><attscale Sync="TRUE">0</attscale></attr><attr><attrlabl Sync="TRUE">SADDSTNAME</attrlabl><attalias Sync="TRUE">SADDSTNAME</attalias><attrtype Sync="TRUE">String</attrtype><attwidth Sync="TRUE">100</attwidth><atprecis Sync="TRUE">0</atprecis><attscale Sync="TRUE">0</attscale></attr><attr><attrlabl Sync="TRUE">SADDSTR</attrlabl><attalias Sync="TRUE">SADDSTR</attalias><attrtype Sync="TRUE">String</attrtype><attwidth Sync="TRUE">50</attwidth><atprecis Sync="TRUE">0</atprecis><attscale Sync="TRUE">0</attscale></attr><attr><attrlabl Sync="TRUE">SADDSTSUF</attrlabl><attalias Sync="TRUE">SADDSTSUF</attalias><attrtype Sync="TRUE">String</attrtype><attwidth Sync="TRUE">10</attwidth><atprecis Sync="TRUE">0</atprecis><attscale Sync="TRUE">0</attscale></attr><attr><attrlabl Sync="TRUE">SADDSTTYP</attrlabl><attalias Sync="TRUE">SADDSTTYP</attalias><attrtype Sync="TRUE">String</attrtype><attwidth Sync="TRUE">10</attwidth><atprecis Sync="TRUE">0</atprecis><attscale Sync="TRUE">0</attscale></attr><attr><attrlabl Sync="TRUE">SALEDATE</attrlabl><attalias Sync="TRUE">SALEDATE</attalias><attrtype Sync="TRUE">Date</attrtype><attwidth Sync="TRUE">8</attwidth><atprecis Sync="TRUE">0</atprecis><attscale Sync="TRUE">0</attscale></attr><attr><attrlabl Sync="TRUE">SALEDATETX</attrlabl><attalias Sync="TRUE">SALEDATETX</attalias><attrtype Sync="TRUE">String</attrtype><attwidth Sync="TRUE">25</attwidth><atprecis Sync="TRUE">0</atprecis><attscale Sync="TRUE">0</attscale></attr><attr><attrlabl Sync="TRUE">SCITY</attrlabl><attalias Sync="TRUE">SCITY</attalias><attrtype Sync="TRUE">String</attrtype><attwidth Sync="TRUE">100</attwidth><atprecis Sync="TRUE">0</atprecis><attscale Sync="TRUE">0</attscale></attr><attr><attrlabl Sync="TRUE">SITEADD</attrlabl><attalias Sync="TRUE">SITEADD</attalias><attrtype Sync="TRUE">String</attrtype><attwidth Sync="TRUE">200</attwidth><atprecis Sync="TRUE">0</atprecis><attscale Sync="TRUE">0</attscale></attr><attr><attrlabl Sync="TRUE">SOURCEAGNT</attrlabl><attalias Sync="TRUE">SOURCEAGNT</attalias><attrtype Sync="TRUE">String</attrtype><attwidth Sync="TRUE">100</attwidth><atprecis Sync="TRUE">0</atprecis><attscale Sync="TRUE">0</attscale></attr><attr><attrlabl Sync="TRUE">SOURCEDATE</attrlabl><attalias Sync="TRUE">SOURCEDATE</attalias><attrtype Sync="TRUE">Date</attrtype><attwidth Sync="TRUE">8</attwidth><atprecis Sync="TRUE">0</atprecis><attscale Sync="TRUE">0</attscale></attr><attr><attrlabl Sync="TRUE">SOURCEDATX</attrlabl><attalias Sync="TRUE">SOURCEDATX</attalias><attrtype Sync="TRUE">String</attrtype><attwidth Sync="TRUE">25</attwidth><atprecis Sync="TRUE">0</atprecis><attscale Sync="TRUE">0</attscale></attr><attr><attrlabl Sync="TRUE">SOURCEREF</attrlabl><attalias Sync="TRUE">SOURCEREF</attalias><attrtype Sync="TRUE">String</attrtype><attwidth Sync="TRUE">50</attwidth><atprecis Sync="TRUE">0</atprecis><attscale Sync="TRUE">0</attscale></attr><attr><attrlabl Sync="TRUE">SSTATE</attrlabl><attalias Sync="TRUE">SSTATE</attalias><attrtype Sync="TRUE">String</attrtype><attwidth Sync="TRUE">25</attwidth><atprecis Sync="TRUE">0</atprecis><attscale Sync="TRUE">0</attscale></attr><attr><attrlabl Sync="TRUE">STCNTYFIPS</attrlabl><attalias Sync="TRUE">STCNTYFIPS</attalias><attrtype Sync="TRUE">String</attrtype><attwidth Sync="TRUE">5</attwidth><atprecis Sync="TRUE">0</atprecis><attscale Sync="TRUE">0</attscale></attr><attr><attrlabl Sync="TRUE">STFIPS</attrlabl><attalias Sync="TRUE">STFIPS</attalias><attrtype Sync="TRUE">String</attrtype><attwidth Sync="TRUE">2</attwidth><atprecis Sync="TRUE">0</atprecis><attscale Sync="TRUE">0</attscale></attr><attr><attrlabl Sync="TRUE">STNAME</attrlabl><attalias Sync="TRUE">STNAME</attalias><attrtype Sync="TRUE">String</attrtype><attwidth Sync="TRUE">2</attwidth><atprecis Sync="TRUE">0</atprecis><attscale Sync="TRUE">0</attscale></attr><attr><attrlabl Sync="TRUE">STRUCT</attrlabl><attalias Sync="TRUE">STRUCT</attalias><attrtype Sync="TRUE">String</attrtype><attwidth Sync="TRUE">1</attwidth><atprecis Sync="TRUE">0</atprecis><attscale Sync="TRUE">0</attscale></attr><attr><attrlabl Sync="TRUE">STRUCTNO</attrlabl><attalias Sync="TRUE">STRUCTNO</attalias><attrtype Sync="TRUE">Integer</attrtype><attwidth Sync="TRUE">5</attwidth><atprecis Sync="TRUE">5</atprecis><attscale Sync="TRUE">0</attscale></attr><attr><attrlabl Sync="TRUE">STRUCTYEAR</attrlabl><attalias Sync="TRUE">STRUCTYEAR</attalias><attrtype Sync="TRUE">SmallInteger</attrtype><attwidth Sync="TRUE">4</attwidth><atprecis Sync="TRUE">4</atprecis><attscale Sync="TRUE">0</attscale></attr><attr><attrlabl Sync="TRUE">SUBDIVISIO</attrlabl><attalias Sync="TRUE">SUBDIVISIO</attalias><attrtype Sync="TRUE">String</attrtype><attwidth Sync="TRUE">50</attwidth><atprecis Sync="TRUE">0</atprecis><attscale Sync="TRUE">0</attscale></attr><attr><attrlabl Sync="TRUE">SUBOWNTYPE</attrlabl><attalias Sync="TRUE">SUBOWNTYPE</attalias><attrtype Sync="TRUE">String</attrtype><attwidth Sync="TRUE">50</attwidth><atprecis Sync="TRUE">0</atprecis><attscale Sync="TRUE">0</attscale></attr><attr><attrlabl Sync="TRUE">SUBSURFOWN</attrlabl><attalias Sync="TRUE">SUBSURFOWN</attalias><attrtype Sync="TRUE">String</attrtype><attwidth Sync="TRUE">200</attwidth><atprecis Sync="TRUE">0</atprecis><attscale Sync="TRUE">0</attscale></attr><attr><attrlabl Sync="TRUE">SUNIT</attrlabl><attalias Sync="TRUE">SUNIT</attalias><attrtype Sync="TRUE">String</attrtype><attwidth Sync="TRUE">25</attwidth><atprecis Sync="TRUE">0</atprecis><attscale Sync="TRUE">0</attscale></attr><attr><attrlabl Sync="TRUE">SZIP</attrlabl><attalias Sync="TRUE">SZIP</attalias><attrtype Sync="TRUE">String</attrtype><attwidth Sync="TRUE">25</attwidth><atprecis Sync="TRUE">0</atprecis><attscale Sync="TRUE">0</attscale></attr><attr><attrlabl Sync="TRUE">TRANSFDATE</attrlabl><attalias Sync="TRUE">TRANSFDATE</attalias><attrtype Sync="TRUE">Date</attrtype><attwidth Sync="TRUE">8</attwidth><atprecis Sync="TRUE">0</atprecis><attscale Sync="TRUE">0</attscale></attr><attr><attrlabl Sync="TRUE">NEAR_FID</attrlabl><attalias Sync="TRUE">NEAR_FID</attalias><attrtype Sync="TRUE">Integer</attrtype><attwidth Sync="TRUE">10</attwidth><atprecis Sync="TRUE">10</atprecis><attscale Sync="TRUE">0</attscale></attr><attr><attrlabl Sync="TRUE">NEAR_DIST</attrlabl><attalias Sync="TRUE">NEAR_DIST</attalias><attrtype Sync="TRUE">Double</attrtype><attwidth Sync="TRUE">19</attwidth><atprecis Sync="TRUE">0</atprecis><attscale Sync="TRUE">0</attscale></attr><attr><attrlabl Sync="TRUE">NEAR_X</attrlabl><attalias Sync="TRUE">NEAR_X</attalias><attrtype Sync="TRUE">Double</attrtype><attwidth Sync="TRUE">19</attwidth><atprecis Sync="TRUE">0</atprecis><attscale Sync="TRUE">0</attscale></attr><attr><attrlabl Sync="TRUE">NEAR_Y</attrlabl><attalias Sync="TRUE">NEAR_Y</attalias><attrtype Sync="TRUE">Double</attrtype><attwidth Sync="TRUE">19</attwidth><atprecis Sync="TRUE">0</atprecis><attscale Sync="TRUE">0</attscale></attr></detailed></eainfo><mdDateSt Sync="TRUE">20181020</mdDateSt></metadata>
