<metadata xml:lang="en"><Esri><CreaDate>20190926</CreaDate><CreaTime>15124200</CreaTime><ArcGISFormat>1.0</ArcGISFormat><SyncOnce>FALSE</SyncOnce><DataProperties><lineage><Process ToolSource="c:\program files\arcgis\pro\Resources\ArcToolbox\toolboxes\Data Management Tools.tbx\CreateFeatureclass" Date="20190926" Time="151242">CreateFeatureclass Z:\Innovations\02-41-030_Jamestown_Town_Of\Jamestown_Town_Of.gdb Jamestown_Town_Of_Service_Area_Polygon Polygon # No No # # 0 0 0 #</Process><Process Name="Add Fields (multiple)" ToolSource="c:\program files\arcgis\pro\Resources\ArcToolbox\toolboxes\Data Management Tools.tbx\AddFields" Date="20190926" Time="152101">AddFields Jamestown_Town_Of_Service_Area_Polygon "PWSID TEXT # 255 # #;SystemName TEXT # 255 # #;SourceType TEXT # 255 # #;AreaType TEXT # 255 # #;County TEXT # 255 # #"</Process><Process Name="Calculate Fields (multiple)" ToolSource="c:\program files\arcgis\pro\Resources\ArcToolbox\toolboxes\Data Management Tools.tbx\CalculateFields" Date="20190926" Time="152101">CalculateFields Jamestown_Town_Of_Service_Area_Polygon PYTHON3 "PWSID #;SystemName #;SourceType #;AreaType #;County #" #</Process><Process ToolSource="c:\program files\arcgis\pro\Resources\ArcToolbox\toolboxes\Conversion Tools.tbx\FeatureClassToFeatureClass" Date="20190926" Time="152946">FeatureClassToFeatureClass Z:\Innovations\02-41-030_Jamestown_Town_Of\Jamestown_Town_Of.gdb\Jamestown_Town_Of_Service_Area_Polygon Z:\Innovations\02-41-030_Jamestown_Town_Of Jamestown_Town_Of_Service_Area_Polygon.shp # "Shape_Leng "Shape_Length" false true true 8 Double 0 0,First,#,Z:\Innovations\02-41-030_Jamestown_Town_Of\Jamestown_Town_Of.gdb\Jamestown_Town_Of_Service_Area_Polygon,Shape_Length,-1,-1;Shape_Area "Shape_Area" false true true 8 Double 0 0,First,#,Z:\Innovations\02-41-030_Jamestown_Town_Of\Jamestown_Town_Of.gdb\Jamestown_Town_Of_Service_Area_Polygon,Shape_Area,-1,-1;PWSID "PWSID" true true false 255 Text 0 0,First,#,Z:\Innovations\02-41-030_Jamestown_Town_Of\Jamestown_Town_Of.gdb\Jamestown_Town_Of_Service_Area_Polygon,PWSID,0,255;SystemName "SystemName" true true false 255 Text 0 0,First,#,Z:\Innovations\02-41-030_Jamestown_Town_Of\Jamestown_Town_Of.gdb\Jamestown_Town_Of_Service_Area_Polygon,SystemName,0,255;SourceType "SourceType" true true false 255 Text 0 0,First,#,Z:\Innovations\02-41-030_Jamestown_Town_Of\Jamestown_Town_Of.gdb\Jamestown_Town_Of_Service_Area_Polygon,SourceType,0,255;AreaType "AreaType" true true false 255 Text 0 0,First,#,Z:\Innovations\02-41-030_Jamestown_Town_Of\Jamestown_Town_Of.gdb\Jamestown_Town_Of_Service_Area_Polygon,AreaType,0,255;County "County" true true false 255 Text 0 0,First,#,Z:\Innovations\02-41-030_Jamestown_Town_Of\Jamestown_Town_Of.gdb\Jamestown_Town_Of_Service_Area_Polygon,County,0,255" #</Process></lineage><itemProps><itemName Sync="TRUE">Jamestown_Town_Of_Service_Area_Polygon</itemName><imsContentType Sync="TRUE">002</imsContentType><itemSize Sync="TRUE">0.000</itemSize><itemLocation><linkage Sync="TRUE">file://\\homedir.oit.duke.edu\users\j\jl912\Innovations\02-41-030_Jamestown_Town_Of\Jamestown_Town_Of_Service_Area_Polygon.shp</linkage><protocol Sync="TRUE">Local Area Network</protocol></itemLocation></itemProps></DataProperties><SyncDate>20190926</SyncDate><SyncTime>15294500</SyncTime><ModDate>20190926</ModDate><ModTime>15294500</ModTime></Esri><dataIdInfo><envirDesc Sync="TRUE">Microsoft Windows 10 Version 10.0 (Build 17763) ; Esri ArcGIS 12.4.0.19948</envirDesc><dataLang><languageCode value="eng" Sync="TRUE"></languageCode><countryCode value="USA" Sync="TRUE"></countryCode></dataLang><idCitation><resTitle Sync="TRUE">Jamestown_Town_Of_Service_Area_Polygon</resTitle><presForm><PresFormCd value="005" Sync="TRUE"></PresFormCd></presForm></idCitation><spatRpType><SpatRepTypCd value="001" Sync="TRUE"></SpatRepTypCd></spatRpType></dataIdInfo><mdLang><languageCode value="eng" Sync="TRUE"></languageCode><countryCode value="USA" Sync="TRUE"></countryCode></mdLang><distInfo><distFormat><formatName Sync="TRUE">Shapefile</formatName></distFormat><distTranOps><transSize Sync="TRUE">0.000</transSize></distTranOps></distInfo><mdHrLv><ScopeCd value="005" Sync="TRUE"></ScopeCd></mdHrLv><mdHrLvName Sync="TRUE">dataset</mdHrLvName><spatRepInfo><VectSpatRep><geometObjs Name="Jamestown_Town_Of_Service_Area_Polygon"><geoObjTyp><GeoObjTypCd value="002" Sync="TRUE"></GeoObjTypCd></geoObjTyp><geoObjCnt Sync="TRUE">0</geoObjCnt></geometObjs><topLvl><TopoLevCd value="001" Sync="TRUE"></TopoLevCd></topLvl></VectSpatRep></spatRepInfo><spdoinfo><ptvctinf><esriterm Name="Jamestown_Town_Of_Service_Area_Polygon"><efeatyp Sync="TRUE">Simple</efeatyp><efeageom code="4" Sync="TRUE"></efeageom><esritopo Sync="TRUE">FALSE</esritopo><efeacnt Sync="TRUE">0</efeacnt><spindex Sync="TRUE">FALSE</spindex><linrefer Sync="TRUE">FALSE</linrefer></esriterm></ptvctinf></spdoinfo><eainfo><detailed Name="Jamestown_Town_Of_Service_Area_Polygon"><enttyp><enttypl Sync="TRUE">Jamestown_Town_Of_Service_Area_Polygon</enttypl><enttypt Sync="TRUE">Feature Class</enttypt><enttypc Sync="TRUE">0</enttypc></enttyp><attr><attrlabl Sync="TRUE">FID</attrlabl><attalias Sync="TRUE">FID</attalias><attrtype Sync="TRUE">OID</attrtype><attwidth Sync="TRUE">4</attwidth><atprecis Sync="TRUE">0</atprecis><attscale Sync="TRUE">0</attscale><attrdef Sync="TRUE">Internal feature number.</attrdef><attrdefs Sync="TRUE">Esri</attrdefs><attrdomv><udom Sync="TRUE">Sequential unique whole numbers that are automatically generated.</udom></attrdomv></attr><attr><attrlabl Sync="TRUE">Shape</attrlabl><attalias Sync="TRUE">Shape</attalias><attrtype Sync="TRUE">Geometry</attrtype><attwidth Sync="TRUE">0</attwidth><atprecis Sync="TRUE">0</atprecis><attscale Sync="TRUE">0</attscale><attrdef Sync="TRUE">Feature geometry.</attrdef><attrdefs Sync="TRUE">Esri</attrdefs><attrdomv><udom Sync="TRUE">Coordinates defining the features.</udom></attrdomv></attr><attr><attrlabl Sync="TRUE">Shape_Leng</attrlabl><attalias Sync="TRUE">Shape_Leng</attalias><attrtype Sync="TRUE">Double</attrtype><attwidth Sync="TRUE">19</attwidth><atprecis Sync="TRUE">0</atprecis><attscale Sync="TRUE">0</attscale></attr><attr><attrlabl Sync="TRUE">Shape_Area</attrlabl><attalias Sync="TRUE">Shape_Area</attalias><attrtype Sync="TRUE">Double</attrtype><attwidth Sync="TRUE">19</attwidth><atprecis Sync="TRUE">0</atprecis><attscale Sync="TRUE">0</attscale><attrdef Sync="TRUE">Area of feature in internal units squared.</attrdef><attrdefs Sync="TRUE">Esri</attrdefs><attrdomv><udom Sync="TRUE">Positive real numbers that are automatically generated.</udom></attrdomv></attr><attr><attrlabl Sync="TRUE">PWSID</attrlabl><attalias Sync="TRUE">PWSID</attalias><attrtype Sync="TRUE">String</attrtype><attwidth Sync="TRUE">254</attwidth><atprecis Sync="TRUE">0</atprecis><attscale Sync="TRUE">0</attscale></attr><attr><attrlabl Sync="TRUE">SystemName</attrlabl><attalias Sync="TRUE">SystemName</attalias><attrtype Sync="TRUE">String</attrtype><attwidth Sync="TRUE">254</attwidth><atprecis Sync="TRUE">0</atprecis><attscale Sync="TRUE">0</attscale></attr><attr><attrlabl Sync="TRUE">SourceType</attrlabl><attalias Sync="TRUE">SourceType</attalias><attrtype Sync="TRUE">String</attrtype><attwidth Sync="TRUE">254</attwidth><atprecis Sync="TRUE">0</atprecis><attscale Sync="TRUE">0</attscale></attr><attr><attrlabl Sync="TRUE">AreaType</attrlabl><attalias Sync="TRUE">AreaType</attalias><attrtype Sync="TRUE">String</attrtype><attwidth Sync="TRUE">254</attwidth><atprecis Sync="TRUE">0</atprecis><attscale Sync="TRUE">0</attscale></attr><attr><attrlabl Sync="TRUE">County</attrlabl><attalias Sync="TRUE">County</attalias><attrtype Sync="TRUE">String</attrtype><attwidth Sync="TRUE">254</attwidth><atprecis Sync="TRUE">0</atprecis><attscale Sync="TRUE">0</attscale></attr></detailed></eainfo><mdDateSt Sync="TRUE">20190926</mdDateSt></metadata>
