<?xml version="1.0" encoding="UTF-8"?>
<metadata xml:lang="en"><Esri><CreaDate>20190927</CreaDate><CreaTime>13183400</CreaTime><ArcGISFormat>1.0</ArcGISFormat><SyncOnce>TRUE</SyncOnce><DataProperties><lineage><Process ToolSource="c:\program files\arcgis\pro\Resources\ArcToolbox\toolboxes\Data Management Tools.tbx\CreateFeatureclass" Date="20190927" Time="131834">CreateFeatureclass Z:\innovations\01-49-015_Mooresville_everything Mooresville_Service_Area_polygon Polygon # No No # # 0 0 0 #</Process><Process Name="Add Fields (multiple)" ToolSource="c:\program files\arcgis\pro\Resources\ArcToolbox\toolboxes\Data Management Tools.tbx\AddFields" Date="20190927" Time="132643">AddFields Mooresville_Service_Area_polygon "PWSID TEXT # 255 # #;SystemName TEXT # 255 # #;SourceType TEXT # 255 # #;AreaType TEXT # 255 # #;County TEXT # 255 # #"</Process><Process Name="Calculate Fields (multiple)" ToolSource="c:\program files\arcgis\pro\Resources\ArcToolbox\toolboxes\Data Management Tools.tbx\CalculateFields" Date="20190927" Time="132644">CalculateFields Mooresville_Service_Area_polygon PYTHON3 "PWSID '"01-49-015"';SystemName '"Mooresville_Town_of"';SourceType '"Service_Area"';AreaType '"Service_Area_Extent"';County '"Iredell" '" #</Process></lineage></DataProperties></Esri></metadata>
