<?xml version="1.0" encoding="UTF-8"?>
<metadata xml:lang="en"><Esri><CreaDate>20190303</CreaDate><CreaTime>12401900</CreaTime><ArcGISFormat>1.0</ArcGISFormat><SyncOnce>TRUE</SyncOnce><DataProperties><lineage><Process ToolSource="c:\program files\arcgis\pro\Resources\ArcToolbox\toolboxes\Conversion Tools.tbx\RasterToPolygon" Date="20190303" Time="124019">RasterToPolygon oib_reclass_rectified.tif P:\maps\410035_Ocean_Isle_Beach\oib\oibpolygon.shp SIMPLIFY Value SINGLE_OUTER_PART #</Process><Process ToolSource="c:\program files\arcgis\pro\Resources\ArcToolbox\Toolboxes\Data Management Tools.tbx\DeleteField" Date="20191126" Time="150925">DeleteField oibpolygon gridcode</Process><Process Name="Add Fields (multiple)" ToolSource="c:\program files\arcgis\pro\Resources\ArcToolbox\toolboxes\Data Management Tools.tbx\AddFields" Date="20191201" Time="152647">AddFields oibpolygon "PWSID TEXT # 255 # #;SystemName TEXT # 255 # #;SourceType TEXT # 255 # #;AreaType TEXT # 255 # #;County TEXT # 255 # #"</Process><Process Name="Calculate Fields (multiple)" ToolSource="c:\program files\arcgis\pro\Resources\ArcToolbox\toolboxes\Data Management Tools.tbx\CalculateFields" Date="20191201" Time="152647">CalculateFields oibpolygon PYTHON3 "PWSID '"04-10-035"';SystemName '"Ocean Isle Beach, Town Of"';SourceType '"Service_Area_Extent"';AreaType '"Service_Area"';County '"Brunswick"'" #</Process></lineage></DataProperties></Esri></metadata>
