<?xml version="1.0" encoding="UTF-8"?>
<metadata xml:lang="en"><Esri><CreaDate>20191217</CreaDate><CreaTime>17054200</CreaTime><ArcGISFormat>1.0</ArcGISFormat><SyncOnce>TRUE</SyncOnce><DataProperties><lineage><Process ToolSource="c:\program files\arcgis\pro\Resources\ArcToolbox\toolboxes\Data Management Tools.tbx\CreateFeatureclass" Date="20190319" Time="165151">CreateFeatureclass Z:\MAPS\408040_Powellsville\pville powellsville_service_area_polygon Polygon # No No # # 0 0 0 #</Process><Process Name="Add Fields (multiple)" ToolSource="c:\program files\arcgis\pro\Resources\ArcToolbox\toolboxes\Data Management Tools.tbx\AddFields" Date="20191211" Time="162215">AddFields powellsville_service_area_polygon "PWSID TEXT # 255 # #;SystemName TEXT # 255 # #;SourceType TEXT # 255 # #;AreaType TEXT # 255 # #;County TEXT # 255 # #"</Process><Process Name="Calculate Fields (multiple)" ToolSource="c:\program files\arcgis\pro\Resources\ArcToolbox\toolboxes\Data Management Tools.tbx\CalculateFields" Date="20191211" Time="162216">CalculateFields powellsville_service_area_polygon PYTHON3 "PWSID '"04-08-040"';SystemName '"Powellsville, Town Of"';SourceType '"Service_Area"';AreaType '"Service_Area_Extent"';County '"Bertie"'" #</Process><Process ToolSource="c:\program files\arcgis\pro\Resources\ArcToolbox\toolboxes\Data Management Tools.tbx\Copy" Date="20191217" Time="170542">Copy Z:\Innovations\Shawn-selected\408040_Powellsville\powellsville_service_area_polygon\powellsville_service_area_polygon.shp Z:\Innovations\Shawn-selected\408040_Powellsville\powellsville_service_area_polygon.shp Shapefile #</Process></lineage><itemProps><itemLocation><linkage Sync="TRUE">file://\\homedir.oit.duke.edu\users\s\sl595\Innovations\Shawn-selected\408040_Powellsville\powellsville_service_area_polygon</linkage><protocol Sync="TRUE">Local Area Network</protocol></itemLocation></itemProps><copyHistory><copy source="Z:\Innovations\Shawn-selected\408040_Powellsville\powellsville_service_area_polygon\powellsville_service_area_polygon" dest="\\homedir.oit.duke.edu\users\s\sl595\Innovations\Shawn-selected\408040_Powellsville\powellsville_service_area_polygon" date="20191217" time="17054200"></copy></copyHistory></DataProperties></Esri></metadata>
