<?xml version="1.0" encoding="UTF-8"?>
<metadata xml:lang="en"><Esri><CreaDate>20190409</CreaDate><CreaTime>15123900</CreaTime><ArcGISFormat>1.0</ArcGISFormat><SyncOnce>TRUE</SyncOnce><DataProperties><lineage><Process ToolSource="c:\program files\arcgis\pro\Resources\ArcToolbox\toolboxes\Data Management Tools.tbx\CreateFeatureclass" Date="20190409" Time="151239">CreateFeatureclass "Z:\MAPS\not done\136034_Ranlo\ranlo" Ranlo_Service_Area_Extents.shp Polygon # No No # # 0 0 0 #</Process><Process Name="Add Fields (multiple)" ToolSource="c:\program files\arcgis\pro\Resources\ArcToolbox\toolboxes\Data Management Tools.tbx\AddFields" Date="20190409" Time="151522">AddFields Ranlo_Service_Area_Extents "PWSID LONG # # #;SystemName TEXT 'Utility Name' 255 #;SourceType TEXT # 255 #;AreaType TEXT # 255 #"</Process><Process Name="Calculate Fields (multiple)" ToolSource="c:\program files\arcgis\pro\Resources\ArcToolbox\toolboxes\Data Management Tools.tbx\CalculateFields" Date="20190409" Time="151522">CalculateFields Ranlo_Service_Area_Extents "Python 3" "PWSID 136034;SystemName '"Ranlo"';SourceType '"Water Lines"';AreaType '"Service Area Extent"'" #</Process><Process ToolSource="c:\program files\arcgis\pro\Resources\ArcToolbox\toolboxes\Data Management Tools.tbx\DeleteField" Date="20191213" Time="104250">DeleteField Ranlo_Service_Area_Extents PWSID</Process><Process ToolSource="c:\program files\arcgis\pro\Resources\ArcToolbox\toolboxes\Data Management Tools.tbx\DeleteField" Date="20191213" Time="104259">DeleteField Ranlo_Service_Area_Extents SystemName;SourceType;AreaType</Process><Process Name="Add Fields (multiple)" ToolSource="c:\program files\arcgis\pro\Resources\ArcToolbox\toolboxes\Data Management Tools.tbx\AddFields" Date="20191213" Time="104519">AddFields Ranlo_Service_Area_Extents "PWSID TEXT # 255 # #;SystemName TEXT # 255 # #;SourceType TEXT # 255 # #;AreaType TEXT # 255 # #;County TEXT # 255 # #"</Process><Process Name="Calculate Fields (multiple)" ToolSource="c:\program files\arcgis\pro\Resources\ArcToolbox\toolboxes\Data Management Tools.tbx\CalculateFields" Date="20191213" Time="104519">CalculateFields Ranlo_Service_Area_Extents PYTHON3 "PWSID '"01-36-034"';SystemName '"Ranlo_Town_Of"';SourceType '"Water_Lines"';AreaType '"Water_Lines_Adjacent_Parcels"';County '"Gaston"'" #</Process></lineage></DataProperties></Esri></metadata>
