<?xml version="1.0" encoding="UTF-8"?>
<metadata xml:lang="en"><Esri><CreaDate>20191217</CreaDate><CreaTime>17060700</CreaTime><ArcGISFormat>1.0</ArcGISFormat><SyncOnce>TRUE</SyncOnce><DataProperties><lineage><Process ToolSource="c:\program files\arcgis\pro\Resources\ArcToolbox\toolboxes\Data Management Tools.tbx\CreateFeatureclass" Date="20190326" Time="154022">CreateFeatureclass Z:\MAPS\378040_Rowland\rowland rowland_service_area_polygon Polygon # No No # # 0 0 0 #</Process><Process Name="Add Fields (multiple)" ToolSource="c:\program files\arcgis\pro\Resources\ArcToolbox\toolboxes\Data Management Tools.tbx\AddFields" Date="20191211" Time="163630">AddFields rowland_service_area_polygon "PWSID TEXT # 255 # #;SystemName TEXT # 255 # #;SourceType TEXT # 255 # #;AreaType TEXT # 255 # #;County TEXT # 255 # #"</Process><Process Name="Calculate Fields (multiple)" ToolSource="c:\program files\arcgis\pro\Resources\ArcToolbox\toolboxes\Data Management Tools.tbx\CalculateFields" Date="20191211" Time="163631">CalculateFields rowland_service_area_polygon PYTHON3 "PWSID '"03-78-040"';SystemName '"Rowland, Town Of"';SourceType '"Municipal_Boundary"';AreaType '"Service_Area_Extent"';County '"Robeson"'" #</Process><Process ToolSource="c:\program files\arcgis\pro\Resources\ArcToolbox\toolboxes\Data Management Tools.tbx\DefineProjection" Date="20191211" Time="163659">DefineProjection rowland_service_area_polygon PROJCS['NAD_1983_StatePlane_North_Carolina_FIPS_3200_Feet',GEOGCS['GCS_North_American_1983',DATUM['D_North_American_1983',SPHEROID['GRS_1980',6378137.0,298.257222101]],PRIMEM['Greenwich',0.0],UNIT['Degree',0.0174532925199433]],PROJECTION['Lambert_Conformal_Conic'],PARAMETER['False_Easting',2000000.002616666],PARAMETER['False_Northing',0.0],PARAMETER['Central_Meridian',-79.0],PARAMETER['Standard_Parallel_1',34.33333333333334],PARAMETER['Standard_Parallel_2',36.16666666666666],PARAMETER['Latitude_Of_Origin',33.75],UNIT['Foot_US',0.3048006096012192]]</Process><Process ToolSource="c:\program files\arcgis\pro\Resources\ArcToolbox\toolboxes\Data Management Tools.tbx\Copy" Date="20191217" Time="170607">Copy Z:\Innovations\Shawn-selected\378040_Rowland\rowland_service_area_polygon\rowland_service_area_polygon.shp Z:\Innovations\Shawn-selected\378040_Rowland\rowland_service_area_polygon.shp Shapefile #</Process></lineage><itemProps><itemLocation><linkage Sync="TRUE">file://\\homedir.oit.duke.edu\users\s\sl595\Innovations\Shawn-selected\378040_Rowland\rowland_service_area_polygon</linkage><protocol Sync="TRUE">Local Area Network</protocol></itemLocation></itemProps><copyHistory><copy source="Z:\Innovations\Shawn-selected\378040_Rowland\rowland_service_area_polygon\rowland_service_area_polygon" dest="\\homedir.oit.duke.edu\users\s\sl595\Innovations\Shawn-selected\378040_Rowland\rowland_service_area_polygon" date="20191217" time="17060700"></copy></copyHistory></DataProperties></Esri></metadata>
