<?xml version="1.0" encoding="UTF-8"?>
<metadata xml:lang="en"><Esri><CreaDate>20191017</CreaDate><CreaTime>16354400</CreaTime><ArcGISFormat>1.0</ArcGISFormat><SyncOnce>TRUE</SyncOnce><DataProperties><lineage><Process ToolSource="c:\program files\arcgis\pro\Resources\ArcToolbox\toolboxes\Data Management Tools.tbx\CreateFeatureclass" Date="20191017" Time="163544">CreateFeatureclass C:\Users\xy109\Downloads\rutherfold\MyProject rutherford_college_town_of_water_service_area Polygon # No No "PROJCS['NAD_1983_StatePlane_North_Carolina_FIPS_3200_Feet',GEOGCS['GCS_North_American_1983',DATUM['D_North_American_1983',SPHEROID['GRS_1980',6378137.0,298.257222101]],PRIMEM['Greenwich',0.0],UNIT['Degree',0.0174532925199433]],PROJECTION['Lambert_Conformal_Conic'],PARAMETER['False_Easting',2000000.002616666],PARAMETER['False_Northing',0.0],PARAMETER['Central_Meridian',-79.0],PARAMETER['Standard_Parallel_1',34.33333333333334],PARAMETER['Standard_Parallel_2',36.16666666666666],PARAMETER['Latitude_Of_Origin',33.75],UNIT['Foot_US',0.3048006096012192]],VERTCS['NAVD_1988_Foot_US',VDATUM['North_American_Vertical_Datum_1988'],PARAMETER['Vertical_Shift',0.0],PARAMETER['Direction',1.0],UNIT['Foot_US',0.3048006096012192]];-121841900 -93659000 36365718.1242414;-100000 3048.00609601219;-100000 10000;3.28083333333333E-03;3.28083333333333E-03;0.001;IsHighPrecision" # 0 0 0 #</Process><Process Name="Add Fields (multiple)" ToolSource="c:\program files\arcgis\pro\Resources\ArcToolbox\toolboxes\Data Management Tools.tbx\AddFields" Date="20191017" Time="164440">AddFields rutherford_college_town_of_water_service_area "PWSID TEXT # 255 # #;SystemName TEXT # 255 # #;SourceType TEXT # 255 # #;AreaType TEXT # 255 # #;County TEXT # 255 # #"</Process><Process Name="Calculate Fields (multiple)" ToolSource="c:\program files\arcgis\pro\Resources\ArcToolbox\toolboxes\Data Management Tools.tbx\CalculateFields" Date="20191017" Time="164440">CalculateFields rutherford_college_town_of_water_service_area PYTHON3 "PWSID '"01-12-055"';SystemName '"Rutherford_College_Town_Of"';SourceType '"Service_Area"';AreaType '"Service_Area_Extent"';County '"Burke"'" #</Process></lineage></DataProperties></Esri></metadata>
