<?xml version="1.0" encoding="UTF-8"?>
<metadata xml:lang="en"><Esri><CreaDate>20190407</CreaDate><CreaTime>12504800</CreaTime><ArcGISFormat>1.0</ArcGISFormat><SyncOnce>TRUE</SyncOnce><DataProperties><lineage><Process ToolSource="c:\program files\arcgis\pro\Resources\ArcToolbox\toolboxes\Data Management Tools.tbx\CreateFeatureclass" Date="20190407" Time="125048">CreateFeatureclass "P:\MAPS\not done\353010_Sanford\sanford" Sanford_Service_Area_Extents Polygon # No No # # 0 0 0 #</Process><Process Name="Add Fields (multiple)" ToolSource="c:\program files\arcgis\pro\Resources\ArcToolbox\toolboxes\Data Management Tools.tbx\AddFields" Date="20190407" Time="125716">AddFields Sanford_Service_Area_Extents "PWSID LONG # # #;SystemName TEXT 'Utility Name' 255 #;SourceType TEXT # 255 #;AreaType TEXT # 255 #"</Process><Process Name="Calculate Fields (multiple)" ToolSource="c:\program files\arcgis\pro\Resources\ArcToolbox\toolboxes\Data Management Tools.tbx\CalculateFields" Date="20190407" Time="125716">CalculateFields Sanford_Service_Area_Extents "Python 3" "PWSID '"353010"';SystemName '"Sanford"';SourceType '"Water Lines"';AreaType '"Service_Area_Extent"'" #</Process><Process ToolSource="c:\program files\arcgis\pro\Resources\ArcToolbox\Toolboxes\Data Management Tools.tbx\DeleteField" Date="20191213" Time="112650">DeleteField Sanford_Service_Area_Extents PWSID;SystemName;SourceType;AreaType</Process><Process Name="Add Fields (multiple)" ToolSource="c:\program files\arcgis\pro\Resources\ArcToolbox\toolboxes\Data Management Tools.tbx\AddFields" Date="20191213" Time="112901">AddFields Sanford_Service_Area_Extents "PWSID TEXT # 255 # #;SystemName TEXT # 255 # #;SourceType TEXT # 255 # #;AreaType TEXT # 255 # #;County TEXT # 255 # #"</Process><Process Name="Calculate Fields (multiple)" ToolSource="c:\program files\arcgis\pro\Resources\ArcToolbox\toolboxes\Data Management Tools.tbx\CalculateFields" Date="20191213" Time="112901">CalculateFields Sanford_Service_Area_Extents PYTHON3 "PWSID '"03-53-010"';SystemName '"Sanford_City_Of"';SourceType '"Water_Lines"';AreaType '"Water_Lines_Adjacent_Parcels"';County '"Lee"'" #</Process></lineage></DataProperties></Esri></metadata>
