<?xml version="1.0" encoding="UTF-8"?>
<metadata xml:lang="en"><Esri><CreaDate>20190326</CreaDate><CreaTime>15241500</CreaTime><ArcGISFormat>1.0</ArcGISFormat><SyncOnce>TRUE</SyncOnce><DataProperties><lineage><Process ToolSource="c:\program files\arcgis\pro\Resources\ArcToolbox\toolboxes\Data Management Tools.tbx\CreateFeatureclass" Date="20190326" Time="152415">CreateFeatureclass Z:\MAPS\471015_Surf_City\surfcity surf_city_service_area_polygon.shp Polygon # No No # # 0 0 0 #</Process><Process Name="Add Fields (multiple)" ToolSource="c:\program files\arcgis\pro\Resources\ArcToolbox\toolboxes\Data Management Tools.tbx\AddFields" Date="20191211" Time="160534">AddFields surf_city_service_area_polygon "PWSID TEXT # 255 # #;SystemName TEXT # 255 # #;SourceType TEXT # 255 # #;AreaType TEXT # 255 # #;County TEXT # 255 # #"</Process><Process Name="Calculate Fields (multiple)" ToolSource="c:\program files\arcgis\pro\Resources\ArcToolbox\toolboxes\Data Management Tools.tbx\CalculateFields" Date="20191211" Time="160536">CalculateFields surf_city_service_area_polygon PYTHON3 "PWSID '"04-71-015"';SystemName '"Surf City, Town Of"';SourceType '"Service_Area"';AreaType '"Service_Area_Extent"';County '"Pender"'" #</Process></lineage></DataProperties></Esri></metadata>
