<?xml version="1.0" encoding="UTF-8"?>
<metadata xml:lang="en"><Esri><CreaDate>20191021</CreaDate><CreaTime>14301100</CreaTime><ArcGISFormat>1.0</ArcGISFormat><SyncOnce>TRUE</SyncOnce><DataProperties><lineage><Process ToolSource="c:\program files\arcgis\pro\Resources\ArcToolbox\toolboxes\Data Management Tools.tbx\CreateFeatureclass" Date="20191021" Time="143011">CreateFeatureclass "Z:\Innovations\Windsor town\WindsorTown" Windson_Servicearea_polygon Polygon # No No # # 0 0 0 #</Process><Process Name="Add Fields (multiple)" ToolSource="c:\program files\arcgis\pro\Resources\ArcToolbox\toolboxes\Data Management Tools.tbx\AddFields" Date="20191021" Time="144058">AddFields Windson_Servicearea_polygon "PWSID TEXT # 255 # #;SystemName TEXT # 255 # #;SourceType TEXT # 255 # #;AreaType TEXT # 255 # #;County TEXT # 255 # #"</Process><Process Name="Calculate Fields (multiple)" ToolSource="c:\program files\arcgis\pro\Resources\ArcToolbox\toolboxes\Data Management Tools.tbx\CalculateFields" Date="20191021" Time="144058">CalculateFields Windson_Servicearea_polygon PYTHON3 "PWSID '"04-08-010"';SystemName '"Windsor_Town_Of"';SourceType '"Service_Area"';AreaType '"Service_Area_Extent"';County '"Bertie"'" #</Process></lineage></DataProperties></Esri></metadata>
